Rule,support,confidence,lift
"Sucrose (common sugar), Wheat bread and rolls, white (refined flour)  ⇒  Cocoa beverage-preparation, powder",0.056,0.6363636363636365,11.363636363636365
"Cocoa beverage-preparation, powder  ⇒  Sucrose (common sugar), Wheat bread and rolls, white (refined flour)",0.056,1.0,11.363636363636365
"Chili peppers, PROCESS = Raw, no heat treatment, PROCESS = Boiling, QUALITATIVE-INFO = Red, Milk powder, full fat, SOURCE-COMMODITIES = Cow milk, whole  ⇒  Wheat bread and rolls, white (refined flour)",0.056,1.0,10.416666666666666
"Cocoa beverage-preparation, powder  ⇒  Wheat bread and rolls, white (refined flour)",0.056,1.0,10.416666666666666
"Cocoa beverage-preparation, powder, Sucrose (common sugar)  ⇒  Wheat bread and rolls, white (refined flour)",0.056,1.0,10.416666666666666
"Milk powder, full fat, SOURCE-COMMODITIES = Cow milk, whole  ⇒  Sucrose (common sugar), Wheat bread and rolls, white (refined flour)",0.064,0.888888888888889,10.101010101010102
"Sucrose (common sugar), Wheat bread and rolls, white (refined flour)  ⇒  Milk powder, full fat, SOURCE-COMMODITIES = Cow milk, whole",0.064,0.7272727272727273,10.101010101010102
"Wheat bread and rolls, white (refined flour)  ⇒  Milk powder, full fat, SOURCE-COMMODITIES = Cow milk, whole",0.064,0.6666666666666666,9.25925925925926
"Milk powder, full fat, SOURCE-COMMODITIES = Cow milk, whole  ⇒  Wheat bread and rolls, white (refined flour)",0.064,0.888888888888889,9.25925925925926
"Sucrose (common sugar), Milk powder, full fat, SOURCE-COMMODITIES = Cow milk, whole  ⇒  Wheat bread and rolls, white (refined flour)",0.064,0.888888888888889,9.25925925925926
"Wheat bread and rolls, white (refined flour)  ⇒  Sucrose (common sugar), Milk powder, full fat, SOURCE-COMMODITIES = Cow milk, whole",0.064,0.6666666666666666,9.25925925925926
"Chili peppers, PROCESS = Raw, no heat treatment, PROCESS = Boiling, QUALITATIVE-INFO = Red, Wheat bread and rolls, white (refined flour)  ⇒  Milk powder, full fat, SOURCE-COMMODITIES = Cow milk, whole",0.056,0.6363636363636365,8.838383838383841
"Milk powder, full fat, SOURCE-COMMODITIES = Cow milk, whole  ⇒  Chili peppers, PROCESS = Raw, no heat treatment, PROCESS = Boiling, QUALITATIVE-INFO = Red, Wheat bread and rolls, white (refined flour)",0.056,0.7777777777777779,8.838383838383841
"Okra, PROCESS = Raw, no heat treatment, PROCESS = Boiling, Palm oil/fat, QUALITATIVE-INFO = Red  ⇒  Porridge water based (ready to eat), PROCESS = Boiling, INGREDIENT = Cassava roots",0.064,0.888888888888889,8.547008547008549
"Porridge water based (ready to eat), PROCESS = Boiling, INGREDIENT = Cassava roots  ⇒  Okra, PROCESS = Raw, no heat treatment, PROCESS = Boiling, Palm oil/fat, QUALITATIVE-INFO = Red",0.064,0.6153846153846154,8.547008547008549
"Sucrose (common sugar), Palm oil/fat, QUALITATIVE-INFO = Red  ⇒  Wheat bread and rolls, white (refined flour)",0.064,0.8,8.333333333333334
"Wheat bread and rolls, white (refined flour)  ⇒  Sucrose (common sugar), Palm oil/fat, QUALITATIVE-INFO = Red",0.064,0.6666666666666666,8.333333333333332
"Wheat bread and rolls, white (refined flour)  ⇒  Sucrose (common sugar), Chili peppers, PROCESS = Raw, no heat treatment, PROCESS = Boiling, QUALITATIVE-INFO = Red",0.08,0.8333333333333334,8.012820512820513
"Sucrose (common sugar), Chili peppers, PROCESS = Raw, no heat treatment, PROCESS = Boiling, QUALITATIVE-INFO = Red  ⇒  Wheat bread and rolls, white (refined flour)",0.08,0.7692307692307693,8.012820512820513
"Milk powder, full fat, SOURCE-COMMODITIES = Cow milk, whole  ⇒  Sucrose (common sugar)",0.072,1.0,7.8125
"Cocoa beverage-preparation, powder, Wheat bread and rolls, white (refined flour)  ⇒  Sucrose (common sugar)",0.056,1.0,7.8125
"Cocoa beverage-preparation, powder  ⇒  Sucrose (common sugar)",0.056,1.0,7.8125
"Salt, Wheat bread and rolls, white (refined flour)  ⇒  Sucrose (common sugar)",0.064,1.0,7.8125
"Stock cubes or granulate (bouillon base), PROCESS = Boiling, Wheat bread and rolls, white (refined flour)  ⇒  Sucrose (common sugar)",0.064,1.0,7.8125
"Wheat bread and rolls, white (refined flour), Milk powder, full fat, SOURCE-COMMODITIES = Cow milk, whole  ⇒  Sucrose (common sugar)",0.064,1.0,7.8125
"Chili peppers, PROCESS = Raw, no heat treatment, PROCESS = Boiling, QUALITATIVE-INFO = Red, Milk powder, full fat, SOURCE-COMMODITIES = Cow milk, whole  ⇒  Sucrose (common sugar)",0.056,1.0,7.8125
"Salt, Okra, PROCESS = Raw, no heat treatment, PROCESS = Boiling  ⇒  Porridge water based (ready to eat), PROCESS = Boiling, INGREDIENT = Cassava roots",0.064,0.8,7.692307692307693
"Porridge water based (ready to eat), PROCESS = Boiling, INGREDIENT = Cassava roots  ⇒  Salt, Okra, PROCESS = Raw, no heat treatment, PROCESS = Boiling",0.064,0.6153846153846154,7.6923076923076925
"Wheat bread and rolls, white (refined flour)  ⇒  Sucrose (common sugar), Stock cubes or granulate (bouillon base), PROCESS = Boiling",0.064,0.6666666666666666,7.575757575757576
"Salt, Porridge water based (ready to eat), PROCESS = Boiling, INGREDIENT = Cassava roots  ⇒  Okra, PROCESS = Raw, no heat treatment, PROCESS = Boiling",0.064,0.6666666666666666,7.575757575757576
"Okra, PROCESS = Raw, no heat treatment, PROCESS = Boiling  ⇒  Salt, Porridge water based (ready to eat), PROCESS = Boiling, INGREDIENT = Cassava roots",0.064,0.7272727272727273,7.575757575757576
"Sucrose (common sugar), Stock cubes or granulate (bouillon base), PROCESS = Boiling  ⇒  Wheat bread and rolls, white (refined flour)",0.064,0.7272727272727273,7.575757575757576
"Wheat bread and rolls, white (refined flour)  ⇒  Salt, Sucrose (common sugar)",0.064,0.6666666666666666,7.575757575757576
"Salt, Sucrose (common sugar)  ⇒  Wheat bread and rolls, white (refined flour)",0.064,0.7272727272727273,7.575757575757576
"Milk powder, full fat, SOURCE-COMMODITIES = Cow milk, whole  ⇒  Sucrose (common sugar), Chili peppers, PROCESS = Raw, no heat treatment, PROCESS = Boiling, QUALITATIVE-INFO = Red",0.056,0.7777777777777779,7.4786324786324805
"Sucrose (common sugar)  ⇒  Wheat bread and rolls, white (refined flour)",0.088,0.6875,7.161458333333333
"Wheat bread and rolls, white (refined flour)  ⇒  Sucrose (common sugar)",0.088,0.9166666666666666,7.161458333333333
"Chili peppers, PROCESS = Raw, no heat treatment, PROCESS = Boiling, QUALITATIVE-INFO = Red, Wheat bread and rolls, white (refined flour)  ⇒  Sucrose (common sugar)",0.08,0.9090909090909092,7.1022727272727275
"Sucrose (common sugar)  ⇒  Chili peppers, PROCESS = Raw, no heat treatment, PROCESS = Boiling, QUALITATIVE-INFO = Red, Wheat bread and rolls, white (refined flour)",0.08,0.625,7.1022727272727275
"Porridge water based (ready to eat), PROCESS = Boiling, INGREDIENT = Cassava roots, Palm oil/fat, QUALITATIVE-INFO = Red  ⇒  Okra, PROCESS = Raw, no heat treatment, PROCESS = Boiling",0.064,0.6153846153846154,6.993006993006994
"Porridge water based (ready to eat), PROCESS = Boiling, INGREDIENT = Cassava roots  ⇒  Okra, PROCESS = Raw, no heat treatment, PROCESS = Boiling",0.064,0.6153846153846154,6.993006993006994
"Okra, PROCESS = Raw, no heat treatment, PROCESS = Boiling  ⇒  Porridge water based (ready to eat), PROCESS = Boiling, INGREDIENT = Cassava roots",0.064,0.7272727272727273,6.993006993006993
"Okra, PROCESS = Raw, no heat treatment, PROCESS = Boiling  ⇒  Porridge water based (ready to eat), PROCESS = Boiling, INGREDIENT = Cassava roots, Palm oil/fat, QUALITATIVE-INFO = Red",0.064,0.7272727272727273,6.993006993006993
"Wheat bread and rolls, white (refined flour), Palm oil/fat, QUALITATIVE-INFO = Red  ⇒  Sucrose (common sugar)",0.064,0.888888888888889,6.944444444444445
"Stock cubes or granulate (bouillon base), PROCESS = Boiling, Okra, PROCESS = Raw, no heat treatment, PROCESS = Boiling  ⇒  Porridge water based (ready to eat), PROCESS = Boiling, INGREDIENT = Cassava roots",0.056,0.7,6.730769230769231
"Chili peppers, PROCESS = Raw, no heat treatment, PROCESS = Boiling, QUALITATIVE-INFO = Red, Okra, PROCESS = Raw, no heat treatment, PROCESS = Boiling  ⇒  Porridge water based (ready to eat), PROCESS = Boiling, INGREDIENT = Cassava roots",0.056,0.7,6.730769230769231
"Okra, PROCESS = Raw, no heat treatment, PROCESS = Boiling  ⇒  Porridge water based (ready to eat), PROCESS = Boiling, INGREDIENT = Cassava roots, Stock cubes or granulate (bouillon base), PROCESS = Boiling",0.056,0.6363636363636365,6.62878787878788
"Okra, PROCESS = Raw, no heat treatment, PROCESS = Boiling  ⇒  Chili peppers, PROCESS = Raw, no heat treatment, PROCESS = Boiling, QUALITATIVE-INFO = Red, Porridge water based (ready to eat), PROCESS = Boiling, INGREDIENT = Cassava roots",0.056,0.6363636363636365,6.62878787878788
"Nightshade, black, PROCESS = Raw, no heat treatment, PROCESS = Boiling  ⇒  Stock cubes or granulate (bouillon base), PROCESS = Boiling, Taros, PROCESS = Raw, no heat treatment, PROCESS = Boiling",0.072,0.6923076923076923,2.9840848806366047
"Garlic, PROCESS = Raw, no heat treatment, PROCESS = Boiling, Tomatoes, PROCESS = Raw, no heat treatment, PROCESS = Boiling  ⇒  Ginger roots, PROCESS = Raw, no heat treatment, PROCESS = Boiling",0.12,0.8333333333333334,2.893518518518519
"Leeks, PROCESS = Raw, no heat treatment, PROCESS = Boiling, Garlic, PROCESS = Raw, no heat treatment, PROCESS = Boiling  ⇒  Ginger roots, PROCESS = Raw, no heat treatment, PROCESS = Boiling",0.08,0.8333333333333334,2.893518518518519
"Nightshade, black, PROCESS = Raw, no heat treatment, PROCESS = Boiling  ⇒  Salt, Taros, PROCESS = Raw, no heat treatment, PROCESS = Boiling",0.072,0.6923076923076923,2.791563275434243
"Nightshade, black, PROCESS = Raw, no heat treatment, PROCESS = Boiling  ⇒  Chili peppers, PROCESS = Raw, no heat treatment, PROCESS = Boiling, QUALITATIVE-INFO = Red, Taros, PROCESS = Raw, no heat treatment, PROCESS = Boiling",0.072,0.6923076923076923,2.791563275434243
"Ginger roots, PROCESS = Raw, no heat treatment, PROCESS = Boiling  ⇒  Peanuts, PROCESS = Roasting, PROCESS = Boiling, Garlic, PROCESS = Raw, no heat treatment, PROCESS = Boiling",0.192,0.6666666666666667,2.688172043010753
"Peanuts, PROCESS = Roasting, PROCESS = Boiling, Garlic, PROCESS = Raw, no heat treatment, PROCESS = Boiling  ⇒  Ginger roots, PROCESS = Raw, no heat treatment, PROCESS = Boiling",0.192,0.7741935483870968,2.688172043010753
"Garlic, PROCESS = Raw, no heat treatment, PROCESS = Boiling, Onions, PROCESS = Raw, no heat treatment, PROCESS = Boiling  ⇒  Ginger roots, PROCESS = Raw, no heat treatment, PROCESS = Boiling",0.184,0.7666666666666667,2.662037037037037
"Ginger roots, PROCESS = Raw, no heat treatment, PROCESS = Boiling  ⇒  Garlic, PROCESS = Raw, no heat treatment, PROCESS = Boiling, Onions, PROCESS = Raw, no heat treatment, PROCESS = Boiling",0.184,0.638888888888889,2.662037037037037
"Rice grain, polished, PROCESS = Raw, no heat treatment, PROCESS = Boiling, Garlic, PROCESS = Raw, no heat treatment, PROCESS = Boiling  ⇒  Ginger roots, PROCESS = Raw, no heat treatment, PROCESS = Boiling",0.208,0.7647058823529411,2.6552287581699345
"Ginger roots, PROCESS = Raw, no heat treatment, PROCESS = Boiling  ⇒  Rice grain, polished, PROCESS = Raw, no heat treatment, PROCESS = Boiling, Garlic, PROCESS = Raw, no heat treatment, PROCESS = Boiling",0.208,0.7222222222222222,2.6552287581699345
"Garlic, PROCESS = Raw, no heat treatment, PROCESS = Boiling, Mackerel, PROCESS = Raw, no heat treatment, PROCESS = Boiling, QUALITATIVE-INFO = Fresh  ⇒  Ginger roots, PROCESS = Raw, no heat treatment, PROCESS = Boiling",0.152,0.7599999999999999,2.638888888888889
"Nightshade, black, PROCESS = Raw, no heat treatment, PROCESS = Boiling  ⇒  Taros, PROCESS = Raw, no heat treatment, PROCESS = Boiling, Palm oil/fat, QUALITATIVE-INFO = Red",0.072,0.6923076923076923,2.622377622377622
"Ginger roots, PROCESS = Raw, no heat treatment, PROCESS = Boiling, Palm oil/fat, QUALITATIVE-INFO = Red  ⇒  Garlic, PROCESS = Raw, no heat treatment, PROCESS = Boiling",0.24,0.9375,2.604166666666667
"Garlic, PROCESS = Raw, no heat treatment, PROCESS = Boiling  ⇒  Ginger roots, PROCESS = Raw, no heat treatment, PROCESS = Boiling, Palm oil/fat, QUALITATIVE-INFO = Red",0.24,0.6666666666666666,2.6041666666666665
"Rice grain, polished, PROCESS = Raw, no heat treatment, PROCESS = Boiling, Ginger roots, PROCESS = Raw, no heat treatment, PROCESS = Boiling  ⇒  Garlic, PROCESS = Raw, no heat treatment, PROCESS = Boiling",0.208,0.9285714285714285,2.579365079365079
"Peanuts, PROCESS = Roasting, PROCESS = Boiling, Ginger roots, PROCESS = Raw, no heat treatment, PROCESS = Boiling  ⇒  Garlic, PROCESS = Raw, no heat treatment, PROCESS = Boiling",0.192,0.9230769230769231,2.5641025641025643
"Ginger roots, PROCESS = Raw, no heat treatment, PROCESS = Boiling  ⇒  Garlic, PROCESS = Raw, no heat treatment, PROCESS = Boiling",0.264,0.9166666666666667,2.5462962962962967
"Garlic, PROCESS = Raw, no heat treatment, PROCESS = Boiling  ⇒  Ginger roots, PROCESS = Raw, no heat treatment, PROCESS = Boiling",0.264,0.7333333333333334,2.5462962962962967
"Nightshade, black, PROCESS = Raw, no heat treatment, PROCESS = Boiling, Palm oil/fat, QUALITATIVE-INFO = Red  ⇒  Taros, PROCESS = Raw, no heat treatment, PROCESS = Boiling",0.072,0.6923076923076923,2.5452488687782804
"Nightshade, black, PROCESS = Raw, no heat treatment, PROCESS = Boiling  ⇒  Taros, PROCESS = Raw, no heat treatment, PROCESS = Boiling",0.072,0.6923076923076923,2.5452488687782804
"Chili peppers, PROCESS = Raw, no heat treatment, PROCESS = Boiling, QUALITATIVE-INFO = Red, Nightshade, black, PROCESS = Raw, no heat treatment, PROCESS = Boiling  ⇒  Taros, PROCESS = Raw, no heat treatment, PROCESS = Boiling",0.072,0.6923076923076923,2.5452488687782804
"Salt, Nightshade, black, PROCESS = Raw, no heat treatment, PROCESS = Boiling  ⇒  Taros, PROCESS = Raw, no heat treatment, PROCESS = Boiling",0.072,0.6923076923076923,2.5452488687782804
"Nightshade, black, PROCESS = Raw, no heat treatment, PROCESS = Boiling, Stock cubes or granulate (bouillon base), PROCESS = Boiling  ⇒  Taros, PROCESS = Raw, no heat treatment, PROCESS = Boiling",0.072,0.6923076923076923,2.5452488687782804
"Leeks, PROCESS = Raw, no heat treatment, PROCESS = Boiling, Peanuts, PROCESS = Roasting, PROCESS = Boiling  ⇒  Ginger roots, PROCESS = Raw, no heat treatment, PROCESS = Boiling",0.064,0.7272727272727273,2.5252525252525255
"Leeks, PROCESS = Raw, no heat treatment, PROCESS = Boiling, Ginger roots, PROCESS = Raw, no heat treatment, PROCESS = Boiling  ⇒  Garlic, PROCESS = Raw, no heat treatment, PROCESS = Boiling",0.08,0.9090909090909092,2.5252525252525255
"Ginger roots, PROCESS = Raw, no heat treatment, PROCESS = Boiling, Plantains, PROCESS = Raw, no heat treatment, PROCESS = Boiling  ⇒  Garlic, PROCESS = Raw, no heat treatment, PROCESS = Boiling",0.08,0.9090909090909092,2.5252525252525255
"Chili peppers, PROCESS = Raw, no heat treatment, PROCESS = Boiling, QUALITATIVE-INFO = Red, Ginger roots, PROCESS = Raw, no heat treatment, PROCESS = Boiling  ⇒  Garlic, PROCESS = Raw, no heat treatment, PROCESS = Boiling",0.24,0.9090909090909091,2.525252525252525
"Garlic, PROCESS = Raw, no heat treatment, PROCESS = Boiling  ⇒  Chili peppers, PROCESS = Raw, no heat treatment, PROCESS = Boiling, QUALITATIVE-INFO = Red, Ginger roots, PROCESS = Raw, no heat treatment, PROCESS = Boiling",0.24,0.6666666666666666,2.525252525252525
"Salt, Ginger roots, PROCESS = Raw, no heat treatment, PROCESS = Boiling  ⇒  Garlic, PROCESS = Raw, no heat treatment, PROCESS = Boiling",0.232,0.90625,2.517361111111111
"Garlic, PROCESS = Raw, no heat treatment, PROCESS = Boiling  ⇒  Salt, Ginger roots, PROCESS = Raw, no heat treatment, PROCESS = Boiling",0.232,0.6444444444444445,2.517361111111111
"Mackerel, PROCESS = Raw, no heat treatment, PROCESS = Boiling, QUALITATIVE-INFO = Fresh, Ginger roots, PROCESS = Raw, no heat treatment, PROCESS = Boiling  ⇒  Garlic, PROCESS = Raw, no heat treatment, PROCESS = Boiling",0.152,0.9047619047619047,2.513227513227513
"Ginger roots, PROCESS = Raw, no heat treatment, PROCESS = Boiling  ⇒  Garlic, PROCESS = Raw, no heat treatment, PROCESS = Boiling, Palm oil/fat, QUALITATIVE-INFO = Red",0.24,0.8333333333333334,2.4801587301587302
"Garlic, PROCESS = Raw, no heat treatment, PROCESS = Boiling, Plantains, PROCESS = Raw, no heat treatment, PROCESS = Boiling  ⇒  Ginger roots, PROCESS = Raw, no heat treatment, PROCESS = Boiling",0.08,0.7142857142857143,2.4801587301587302
"Ginger roots, PROCESS = Raw, no heat treatment, PROCESS = Boiling  ⇒  Chili peppers, PROCESS = Raw, no heat treatment, PROCESS = Boiling, QUALITATIVE-INFO = Red, Garlic, PROCESS = Raw, no heat treatment, PROCESS = Boiling",0.24,0.8333333333333334,2.4801587301587302
"Garlic, PROCESS = Raw, no heat treatment, PROCESS = Boiling, Palm oil/fat, QUALITATIVE-INFO = Red  ⇒  Ginger roots, PROCESS = Raw, no heat treatment, PROCESS = Boiling",0.24,0.7142857142857142,2.4801587301587302
"Chili peppers, PROCESS = Raw, no heat treatment, PROCESS = Boiling, QUALITATIVE-INFO = Red, Garlic, PROCESS = Raw, no heat treatment, PROCESS = Boiling  ⇒  Ginger roots, PROCESS = Raw, no heat treatment, PROCESS = Boiling",0.24,0.7142857142857142,2.4801587301587302
"Ginger roots, PROCESS = Raw, no heat treatment, PROCESS = Boiling, Stock cubes or granulate (bouillon base), PROCESS = Boiling  ⇒  Garlic, PROCESS = Raw, no heat treatment, PROCESS = Boiling",0.192,0.888888888888889,2.469135802469136
"Ginger roots, PROCESS = Raw, no heat treatment, PROCESS = Boiling, Onions, PROCESS = Raw, no heat treatment, PROCESS = Boiling  ⇒  Garlic, PROCESS = Raw, no heat treatment, PROCESS = Boiling",0.184,0.8846153846153847,2.4572649572649574
"Leeks, PROCESS = Raw, no heat treatment, PROCESS = Boiling, Peanuts, PROCESS = Roasting, PROCESS = Boiling  ⇒  Tomatoes, PROCESS = Raw, no heat treatment, PROCESS = Boiling",0.064,0.7272727272727273,2.4570024570024573
"Salt, Garlic, PROCESS = Raw, no heat treatment, PROCESS = Boiling  ⇒  Ginger roots, PROCESS = Raw, no heat treatment, PROCESS = Boiling",0.232,0.7073170731707317,2.4559620596205964
"Ginger roots, PROCESS = Raw, no heat treatment, PROCESS = Boiling  ⇒  Salt, Garlic, PROCESS = Raw, no heat treatment, PROCESS = Boiling",0.232,0.8055555555555557,2.4559620596205964
"Ginger roots, PROCESS = Raw, no heat treatment, PROCESS = Boiling, Tomatoes, PROCESS = Raw, no heat treatment, PROCESS = Boiling  ⇒  Garlic, PROCESS = Raw, no heat treatment, PROCESS = Boiling",0.12,0.8823529411764705,2.4509803921568625
"Leeks, PROCESS = Raw, no heat treatment, PROCESS = Boiling, Tomatoes, PROCESS = Raw, no heat treatment, PROCESS = Boiling  ⇒  Ginger roots, PROCESS = Raw, no heat treatment, PROCESS = Boiling",0.056,0.7,2.430555555555556
"Ginger roots, PROCESS = Raw, no heat treatment, PROCESS = Boiling  ⇒  Garlic, PROCESS = Raw, no heat treatment, PROCESS = Boiling, Stock cubes or granulate (bouillon base), PROCESS = Boiling",0.192,0.6666666666666667,2.3148148148148153
"Garlic, PROCESS = Raw, no heat treatment, PROCESS = Boiling, Stock cubes or granulate (bouillon base), PROCESS = Boiling  ⇒  Ginger roots, PROCESS = Raw, no heat treatment, PROCESS = Boiling",0.192,0.6666666666666667,2.3148148148148153
"Mackerel, PROCESS = Raw, no heat treatment, PROCESS = Boiling, QUALITATIVE-INFO = Fresh, Tomatoes, PROCESS = Raw, no heat treatment, PROCESS = Boiling  ⇒  Ginger roots, PROCESS = Raw, no heat treatment, PROCESS = Boiling",0.096,0.6666666666666667,2.3148148148148153
"Leeks, PROCESS = Raw, no heat treatment, PROCESS = Boiling, Peanuts, PROCESS = Roasting, PROCESS = Boiling  ⇒  Garlic, PROCESS = Raw, no heat treatment, PROCESS = Boiling",0.072,0.8181818181818181,2.2727272727272725
"Leeks, PROCESS = Raw, no heat treatment, PROCESS = Boiling, Onions, PROCESS = Raw, no heat treatment, PROCESS = Boiling  ⇒  Ginger roots, PROCESS = Raw, no heat treatment, PROCESS = Boiling",0.056,0.6363636363636365,2.2095959595959602
"Leeks, PROCESS = Raw, no heat treatment, PROCESS = Boiling, Ginger roots, PROCESS = Raw, no heat treatment, PROCESS = Boiling  ⇒  Tomatoes, PROCESS = Raw, no heat treatment, PROCESS = Boiling",0.056,0.6363636363636365,2.1498771498771503
"Leeks, PROCESS = Raw, no heat treatment, PROCESS = Boiling, Mackerel, PROCESS = Raw, no heat treatment, PROCESS = Boiling, QUALITATIVE-INFO = Fresh  ⇒  Ginger roots, PROCESS = Raw, no heat treatment, PROCESS = Boiling",0.064,0.6153846153846154,2.136752136752137
"Leeks, PROCESS = Raw, no heat treatment, PROCESS = Boiling, Rice grain, polished, PROCESS = Raw, no heat treatment, PROCESS = Boiling  ⇒  Ginger roots, PROCESS = Raw, no heat treatment, PROCESS = Boiling",0.088,0.6111111111111112,2.121913580246914
"Peanuts, PROCESS = Roasting, PROCESS = Boiling, Tomatoes, PROCESS = Raw, no heat treatment, PROCESS = Boiling  ⇒  Ginger roots, PROCESS = Raw, no heat treatment, PROCESS = Boiling",0.112,0.6086956521739131,2.1135265700483097
"Dried fish, PROCESS = Smoking, PROCESS = Boiling, Garlic, PROCESS = Raw, no heat treatment, PROCESS = Boiling  ⇒  Peanuts, PROCESS = Roasting, PROCESS = Boiling",0.056,1.0,1.9841269841269842
"Bitterleaves, PROCESS = Raw, no heat treatment, PROCESS = Boiling, GENERIC-TERM = Other, Onions, PROCESS = Raw, no heat treatment, PROCESS = Boiling  ⇒  Mackerel, PROCESS = Raw, no heat treatment, PROCESS = Boiling, QUALITATIVE-INFO = Fresh",0.056,0.875,1.953125
"Rice grain, polished, PROCESS = Raw, no heat treatment, PROCESS = Boiling, Watermelon seeds, PROCESS = Raw, no heat treatment, PROCESS = Boiling  ⇒  Mackerel, PROCESS = Raw, no heat treatment, PROCESS = Boiling, QUALITATIVE-INFO = Fresh",0.056,0.875,1.953125
"Leeks, PROCESS = Raw, no heat treatment, PROCESS = Boiling, Tomatoes, PROCESS = Raw, no heat treatment, PROCESS = Boiling  ⇒  Garlic, PROCESS = Raw, no heat treatment, PROCESS = Boiling",0.056,0.7,1.9444444444444444
"Watermelon seeds, PROCESS = Raw, no heat treatment, PROCESS = Boiling  ⇒  Rice grain, polished, PROCESS = Raw, no heat treatment, PROCESS = Boiling, Mackerel, PROCESS = Raw, no heat treatment, PROCESS = Boiling, QUALITATIVE-INFO = Fresh",0.056,0.6363636363636365,1.9401330376940136
"Leeks, PROCESS = Raw, no heat treatment, PROCESS = Boiling, Rice grain, polished, PROCESS = Raw, no heat treatment, PROCESS = Boiling  ⇒  Garlic, PROCESS = Raw, no heat treatment, PROCESS = Boiling",0.096,0.6666666666666667,1.851851851851852
"Leeks, PROCESS = Raw, no heat treatment, PROCESS = Boiling, Onions, PROCESS = Raw, no heat treatment, PROCESS = Boiling  ⇒  Mackerel, PROCESS = Raw, no heat treatment, PROCESS = Boiling, QUALITATIVE-INFO = Fresh",0.072,0.8181818181818181,1.826298701298701
"Rice grain, polished, PROCESS = Raw, no heat treatment, PROCESS = Boiling, Plantains, PROCESS = Raw, no heat treatment, PROCESS = Boiling  ⇒  Mackerel, PROCESS = Raw, no heat treatment, PROCESS = Boiling, QUALITATIVE-INFO = Fresh",0.104,0.8125,1.8136160714285714
"Peanuts, PROCESS = Roasting, PROCESS = Boiling, Tomatoes, PROCESS = Raw, no heat treatment, PROCESS = Boiling  ⇒  Garlic, PROCESS = Raw, no heat treatment, PROCESS = Boiling",0.12,0.6521739130434783,1.8115942028985508
"Ginger roots, PROCESS = Raw, no heat treatment, PROCESS = Boiling, Plantains, PROCESS = Raw, no heat treatment, PROCESS = Boiling  ⇒  Peanuts, PROCESS = Roasting, PROCESS = Boiling",0.08,0.9090909090909092,1.8037518037518039
"Dried fish, PROCESS = Smoking, PROCESS = Boiling, Peanuts, PROCESS = Roasting, PROCESS = Boiling  ⇒  Garlic, PROCESS = Raw, no heat treatment, PROCESS = Boiling",0.056,0.6363636363636365,1.767676767676768
"Plantains, PROCESS = Raw, no heat treatment, PROCESS = Boiling, Tomatoes, PROCESS = Raw, no heat treatment, PROCESS = Boiling  ⇒  Peanuts, PROCESS = Roasting, PROCESS = Boiling",0.064,0.888888888888889,1.7636684303350971
"Salt, Leeks, PROCESS = Raw, no heat treatment, PROCESS = Boiling  ⇒  Garlic, PROCESS = Raw, no heat treatment, PROCESS = Boiling",0.096,0.6315789473684211,1.754385964912281
"Plantains, PROCESS = Raw, no heat treatment, PROCESS = Boiling, Tomatoes, PROCESS = Raw, no heat treatment, PROCESS = Boiling  ⇒  Mackerel, PROCESS = Raw, no heat treatment, PROCESS = Boiling, QUALITATIVE-INFO = Fresh",0.056,0.7777777777777779,1.7361111111111114
"Watermelon seeds, PROCESS = Raw, no heat treatment, PROCESS = Boiling  ⇒  Mackerel, PROCESS = Raw, no heat treatment, PROCESS = Boiling, QUALITATIVE-INFO = Fresh, Palm oil/fat, QUALITATIVE-INFO = Red",0.064,0.7272727272727273,1.7152658662092626
"Leeks, PROCESS = Raw, no heat treatment, PROCESS = Boiling, Mackerel, PROCESS = Raw, no heat treatment, PROCESS = Boiling, QUALITATIVE-INFO = Fresh  ⇒  Garlic, PROCESS = Raw, no heat treatment, PROCESS = Boiling",0.064,0.6153846153846154,1.7094017094017095
"Mackerel, PROCESS = Raw, no heat treatment, PROCESS = Boiling, QUALITATIVE-INFO = Fresh, Tomatoes, PROCESS = Raw, no heat treatment, PROCESS = Boiling  ⇒  Garlic, PROCESS = Raw, no heat treatment, PROCESS = Boiling",0.088,0.6111111111111112,1.697530864197531
"Leeks, PROCESS = Raw, no heat treatment, PROCESS = Boiling, Palm oil/fat, QUALITATIVE-INFO = Red  ⇒  Garlic, PROCESS = Raw, no heat treatment, PROCESS = Boiling",0.088,0.6111111111111112,1.697530864197531
"Watermelon seeds, PROCESS = Raw, no heat treatment, PROCESS = Boiling  ⇒  Chili peppers, PROCESS = Raw, no heat treatment, PROCESS = Boiling, QUALITATIVE-INFO = Red, Mackerel, PROCESS = Raw, no heat treatment, PROCESS = Boiling, QUALITATIVE-INFO = Fresh",0.064,0.7272727272727273,1.6835016835016836
"Rice grain, polished, PROCESS = Raw, no heat treatment, PROCESS = Boiling, Bitterleaves, PROCESS = Raw, no heat treatment, PROCESS = Boiling, GENERIC-TERM = Other  ⇒  Mackerel, PROCESS = Raw, no heat treatment, PROCESS = Boiling, QUALITATIVE-INFO = Fresh",0.072,0.7499999999999999,1.6741071428571426
"Leeks, PROCESS = Raw, no heat treatment, PROCESS = Boiling, Peanuts, PROCESS = Roasting, PROCESS = Boiling  ⇒  Rice grain, polished, PROCESS = Raw, no heat treatment, PROCESS = Boiling",0.088,1.0,1.6666666666666667
"Leeks, PROCESS = Raw, no heat treatment, PROCESS = Boiling, Tomatoes, PROCESS = Raw, no heat treatment, PROCESS = Boiling  ⇒  Rice grain, polished, PROCESS = Raw, no heat treatment, PROCESS = Boiling",0.08,1.0,1.6666666666666667
"Leeks, PROCESS = Raw, no heat treatment, PROCESS = Boiling, Ginger roots, PROCESS = Raw, no heat treatment, PROCESS = Boiling  ⇒  Rice grain, polished, PROCESS = Raw, no heat treatment, PROCESS = Boiling",0.088,1.0,1.6666666666666667
"Leeks, PROCESS = Raw, no heat treatment, PROCESS = Boiling, Garlic, PROCESS = Raw, no heat treatment, PROCESS = Boiling  ⇒  Rice grain, polished, PROCESS = Raw, no heat treatment, PROCESS = Boiling",0.096,1.0,1.6666666666666667
"Salt, Maize flour, PROCESS = Raw, no heat treatment, PROCESS = Boiling, QUALITATIVE-INFO = Yellow  ⇒  Onions, PROCESS = Raw, no heat treatment, PROCESS = Boiling",0.064,0.888888888888889,1.658374792703151
"Garlic, PROCESS = Raw, no heat treatment, PROCESS = Boiling, Tomatoes, PROCESS = Raw, no heat treatment, PROCESS = Boiling  ⇒  Peanuts, PROCESS = Roasting, PROCESS = Boiling",0.12,0.8333333333333334,1.6534391534391535
"Mackerel, PROCESS = Raw, no heat treatment, PROCESS = Boiling, QUALITATIVE-INFO = Fresh, Tomatoes, PROCESS = Raw, no heat treatment, PROCESS = Boiling  ⇒  Peanuts, PROCESS = Roasting, PROCESS = Boiling",0.12,0.8333333333333334,1.6534391534391535
"Ginger roots, PROCESS = Raw, no heat treatment, PROCESS = Boiling, Tomatoes, PROCESS = Raw, no heat treatment, PROCESS = Boiling  ⇒  Peanuts, PROCESS = Roasting, PROCESS = Boiling",0.112,0.8235294117647058,1.6339869281045751
"Mackerel, PROCESS = Raw, no heat treatment, PROCESS = Boiling, QUALITATIVE-INFO = Fresh, Plantains, PROCESS = Raw, no heat treatment, PROCESS = Boiling  ⇒  Peanuts, PROCESS = Roasting, PROCESS = Boiling",0.112,0.8235294117647058,1.6339869281045751
"Leeks, PROCESS = Raw, no heat treatment, PROCESS = Boiling, Peanuts, PROCESS = Roasting, PROCESS = Boiling  ⇒  Mackerel, PROCESS = Raw, no heat treatment, PROCESS = Boiling, QUALITATIVE-INFO = Fresh",0.064,0.7272727272727273,1.6233766233766234
"Leeks, PROCESS = Raw, no heat treatment, PROCESS = Boiling, Ginger roots, PROCESS = Raw, no heat treatment, PROCESS = Boiling  ⇒  Mackerel, PROCESS = Raw, no heat treatment, PROCESS = Boiling, QUALITATIVE-INFO = Fresh",0.064,0.7272727272727273,1.6233766233766234
"Watermelon seeds, PROCESS = Raw, no heat treatment, PROCESS = Boiling, Palm oil/fat, QUALITATIVE-INFO = Red  ⇒  Mackerel, PROCESS = Raw, no heat treatment, PROCESS = Boiling, QUALITATIVE-INFO = Fresh",0.064,0.7272727272727273,1.6233766233766234
"Chili peppers, PROCESS = Raw, no heat treatment, PROCESS = Boiling, QUALITATIVE-INFO = Red, Watermelon seeds, PROCESS = Raw, no heat treatment, PROCESS = Boiling  ⇒  Mackerel, PROCESS = Raw, no heat treatment, PROCESS = Boiling, QUALITATIVE-INFO = Fresh",0.064,0.7272727272727273,1.6233766233766234
"Watermelon seeds, PROCESS = Raw, no heat treatment, PROCESS = Boiling  ⇒  Mackerel, PROCESS = Raw, no heat treatment, PROCESS = Boiling, QUALITATIVE-INFO = Fresh",0.064,0.7272727272727273,1.6233766233766234
"Ginger roots, PROCESS = Raw, no heat treatment, PROCESS = Boiling, Plantains, PROCESS = Raw, no heat treatment, PROCESS = Boiling  ⇒  Mackerel, PROCESS = Raw, no heat treatment, PROCESS = Boiling, QUALITATIVE-INFO = Fresh",0.064,0.7272727272727273,1.6233766233766234
"Rice grain, polished, PROCESS = Raw, no heat treatment, PROCESS = Boiling, Plantains, PROCESS = Raw, no heat treatment, PROCESS = Boiling  ⇒  Peanuts, PROCESS = Roasting, PROCESS = Boiling",0.104,0.8125,1.6121031746031746
"Nightshade, black, PROCESS = Raw, no heat treatment, PROCESS = Boiling  ⇒  Mackerel, PROCESS = Raw, no heat treatment, PROCESS = Boiling, QUALITATIVE-INFO = Fresh, Stock cubes or granulate (bouillon base), PROCESS = Boiling",0.064,0.6153846153846154,1.6025641025641026
"Garlic, PROCESS = Raw, no heat treatment, PROCESS = Boiling, Plantains, PROCESS = Raw, no heat treatment, PROCESS = Boiling  ⇒  Mackerel, PROCESS = Raw, no heat treatment, PROCESS = Boiling, QUALITATIVE-INFO = Fresh",0.08,0.7142857142857143,1.594387755102041
"Leeks, PROCESS = Raw, no heat treatment, PROCESS = Boiling, Tomatoes, PROCESS = Raw, no heat treatment, PROCESS = Boiling  ⇒  Peanuts, PROCESS = Roasting, PROCESS = Boiling",0.064,0.8,1.5873015873015874
"Salt, Leeks, PROCESS = Raw, no heat treatment, PROCESS = Boiling  ⇒  Rice grain, polished, PROCESS = Raw, no heat treatment, PROCESS = Boiling",0.144,0.9473684210526315,1.5789473684210527
"Ginger roots, PROCESS = Raw, no heat treatment, PROCESS = Boiling, Tomatoes, PROCESS = Raw, no heat treatment, PROCESS = Boiling  ⇒  Mackerel, PROCESS = Raw, no heat treatment, PROCESS = Boiling, QUALITATIVE-INFO = Fresh",0.096,0.7058823529411764,1.57563025210084
"Leeks, PROCESS = Raw, no heat treatment, PROCESS = Boiling, Palm oil/fat, QUALITATIVE-INFO = Red  ⇒  Rice grain, polished, PROCESS = Raw, no heat treatment, PROCESS = Boiling",0.136,0.9444444444444445,1.5740740740740742
"Bitterleaves, PROCESS = Raw, no heat treatment, PROCESS = Boiling, GENERIC-TERM = Other  ⇒  Peanuts, PROCESS = Roasting, PROCESS = Boiling, Palm oil/fat, QUALITATIVE-INFO = Red",0.096,0.75,1.5625
"Leeks, PROCESS = Raw, no heat treatment, PROCESS = Boiling, Tomatoes, PROCESS = Raw, no heat treatment, PROCESS = Boiling  ⇒  Mackerel, PROCESS = Raw, no heat treatment, PROCESS = Boiling, QUALITATIVE-INFO = Fresh",0.056,0.7,1.5624999999999998
"Garlic, PROCESS = Raw, no heat treatment, PROCESS = Boiling, Plantains, PROCESS = Raw, no heat treatment, PROCESS = Boiling  ⇒  Peanuts, PROCESS = Roasting, PROCESS = Boiling",0.088,0.7857142857142857,1.5589569160997732
"Chili peppers, PROCESS = Raw, no heat treatment, PROCESS = Boiling, QUALITATIVE-INFO = Red, Bitterleaves, PROCESS = Raw, no heat treatment, PROCESS = Boiling, GENERIC-TERM = Other  ⇒  Peanuts, PROCESS = Roasting, PROCESS = Boiling",0.088,0.7857142857142857,1.5589569160997732
"Plantains, PROCESS = Raw, no heat treatment, PROCESS = Boiling  ⇒  Salt, Peanuts, PROCESS = Roasting, PROCESS = Boiling",0.176,0.7096774193548386,1.5563101301641198
"Leeks, PROCESS = Raw, no heat treatment, PROCESS = Boiling  ⇒  Salt, Mackerel, PROCESS = Raw, no heat treatment, PROCESS = Boiling, QUALITATIVE-INFO = Fresh",0.104,0.619047619047619,1.5476190476190472
"Bitterleaves, PROCESS = Raw, no heat treatment, PROCESS = Boiling, GENERIC-TERM = Other, Stock cubes or granulate (bouillon base), PROCESS = Boiling  ⇒  Mackerel, PROCESS = Raw, no heat treatment, PROCESS = Boiling, QUALITATIVE-INFO = Fresh",0.072,0.6923076923076923,1.5453296703296702
"Ginger roots, PROCESS = Raw, no heat treatment, PROCESS = Boiling, Stock cubes or granulate (bouillon base), PROCESS = Boiling  ⇒  Peanuts, PROCESS = Roasting, PROCESS = Boiling",0.168,0.7777777777777778,1.5432098765432098
"Mackerel, PROCESS = Raw, no heat treatment, PROCESS = Boiling, QUALITATIVE-INFO = Fresh, Leeks, PROCESS = Raw, no heat treatment, PROCESS = Boiling  ⇒  Rice grain, polished, PROCESS = Raw, no heat treatment, PROCESS = Boiling",0.096,0.9230769230769231,1.5384615384615385
"Nightshade, black, PROCESS = Raw, no heat treatment, PROCESS = Boiling  ⇒  Salt, Mackerel, PROCESS = Raw, no heat treatment, PROCESS = Boiling, QUALITATIVE-INFO = Fresh",0.064,0.6153846153846154,1.5384615384615385
"Salt, Leeks, PROCESS = Raw, no heat treatment, PROCESS = Boiling  ⇒  Mackerel, PROCESS = Raw, no heat treatment, PROCESS = Boiling, QUALITATIVE-INFO = Fresh",0.104,0.6842105263157895,1.5272556390977443
"Chili peppers, PROCESS = Raw, no heat treatment, PROCESS = Boiling, QUALITATIVE-INFO = Red, Maize flour, PROCESS = Raw, no heat treatment, PROCESS = Boiling, QUALITATIVE-INFO = Yellow  ⇒  Onions, PROCESS = Raw, no heat treatment, PROCESS = Boiling",0.072,0.8181818181818181,1.5264586160108546
"Maize flour, PROCESS = Raw, no heat treatment, PROCESS = Boiling, QUALITATIVE-INFO = Yellow, Stock cubes or granulate (bouillon base), PROCESS = Boiling  ⇒  Onions, PROCESS = Raw, no heat treatment, PROCESS = Boiling",0.072,0.8181818181818181,1.5264586160108546
"Peanuts, PROCESS = Roasting, PROCESS = Boiling, Tomatoes, PROCESS = Raw, no heat treatment, PROCESS = Boiling  ⇒  Rice grain, polished, PROCESS = Raw, no heat treatment, PROCESS = Boiling",0.168,0.9130434782608696,1.5217391304347827
"Nightshade, black, PROCESS = Raw, no heat treatment, PROCESS = Boiling  ⇒  Onions, PROCESS = Raw, no heat treatment, PROCESS = Boiling, Stock cubes or granulate (bouillon base), PROCESS = Boiling",0.072,0.6923076923076923,1.5182186234817814
"Onions, PROCESS = Raw, no heat treatment, PROCESS = Boiling, Plantains, PROCESS = Raw, no heat treatment, PROCESS = Boiling  ⇒  Peanuts, PROCESS = Roasting, PROCESS = Boiling",0.104,0.7647058823529411,1.5172735760971054
"Garlic, PROCESS = Raw, no heat treatment, PROCESS = Boiling, Rice grain, polished, PROCESS = Raw, no heat treatment, PROCESS = Boiling  ⇒  Peanuts, PROCESS = Roasting, PROCESS = Boiling",0.208,0.7647058823529411,1.5172735760971054
"Leeks, PROCESS = Raw, no heat treatment, PROCESS = Boiling, Onions, PROCESS = Raw, no heat treatment, PROCESS = Boiling  ⇒  Rice grain, polished, PROCESS = Raw, no heat treatment, PROCESS = Boiling",0.08,0.9090909090909092,1.5151515151515154
"Palm oil/fat, QUALITATIVE-INFO = Red, Tomatoes, PROCESS = Raw, no heat treatment, PROCESS = Boiling  ⇒  Rice grain, polished, PROCESS = Raw, no heat treatment, PROCESS = Boiling",0.24,0.9090909090909091,1.5151515151515151
"Rice grain, polished, PROCESS = Raw, no heat treatment, PROCESS = Boiling, Ginger roots, PROCESS = Raw, no heat treatment, PROCESS = Boiling  ⇒  Mackerel, PROCESS = Raw, no heat treatment, PROCESS = Boiling, QUALITATIVE-INFO = Fresh",0.152,0.6785714285714285,1.5146683673469385
"Leeks, PROCESS = Raw, no heat treatment, PROCESS = Boiling  ⇒  Salt, Rice grain, polished, PROCESS = Raw, no heat treatment, PROCESS = Boiling",0.144,0.857142857142857,1.5090543259557343
"Mackerel, PROCESS = Raw, no heat treatment, PROCESS = Boiling, QUALITATIVE-INFO = Fresh, Ginger roots, PROCESS = Raw, no heat treatment, PROCESS = Boiling  ⇒  Rice grain, polished, PROCESS = Raw, no heat treatment, PROCESS = Boiling",0.152,0.9047619047619047,1.507936507936508
"Bitterleaves, PROCESS = Raw, no heat treatment, PROCESS = Boiling, GENERIC-TERM = Other  ⇒  Salt, Peanuts, PROCESS = Roasting, PROCESS = Boiling",0.088,0.6875,1.5076754385964912
"Mackerel, PROCESS = Raw, no heat treatment, PROCESS = Boiling, QUALITATIVE-INFO = Fresh, Bitterleaves, PROCESS = Raw, no heat treatment, PROCESS = Boiling, GENERIC-TERM = Other  ⇒  Rice grain, polished, PROCESS = Raw, no heat treatment, PROCESS = Boiling",0.072,0.8999999999999999,1.5
"Bitterleaves, PROCESS = Raw, no heat treatment, PROCESS = Boiling, GENERIC-TERM = Other, Palm oil/fat, QUALITATIVE-INFO = Red  ⇒  Peanuts, PROCESS = Roasting, PROCESS = Boiling",0.096,0.75,1.4880952380952381
"Bitterleaves, PROCESS = Raw, no heat treatment, PROCESS = Boiling, GENERIC-TERM = Other  ⇒  Peanuts, PROCESS = Roasting, PROCESS = Boiling",0.096,0.75,1.4880952380952381
"Leeks, PROCESS = Raw, no heat treatment, PROCESS = Boiling, Rice grain, polished, PROCESS = Raw, no heat treatment, PROCESS = Boiling  ⇒  Mackerel, PROCESS = Raw, no heat treatment, PROCESS = Boiling, QUALITATIVE-INFO = Fresh",0.096,0.6666666666666667,1.4880952380952381
"Salt, Ginger roots, PROCESS = Raw, no heat treatment, PROCESS = Boiling  ⇒  Peanuts, PROCESS = Roasting, PROCESS = Boiling",0.192,0.75,1.4880952380952381
"Rice grain, polished, PROCESS = Raw, no heat treatment, PROCESS = Boiling, Ginger roots, PROCESS = Raw, no heat treatment, PROCESS = Boiling  ⇒  Peanuts, PROCESS = Roasting, PROCESS = Boiling",0.168,0.75,1.4880952380952381
"Ginger roots, PROCESS = Raw, no heat treatment, PROCESS = Boiling, Palm oil/fat, QUALITATIVE-INFO = Red  ⇒  Peanuts, PROCESS = Roasting, PROCESS = Boiling",0.192,0.75,1.4880952380952381
"Leeks, PROCESS = Raw, no heat treatment, PROCESS = Boiling, Garlic, PROCESS = Raw, no heat treatment, PROCESS = Boiling  ⇒  Peanuts, PROCESS = Roasting, PROCESS = Boiling",0.072,0.7499999999999999,1.488095238095238
"Leeks, PROCESS = Raw, no heat treatment, PROCESS = Boiling, Garlic, PROCESS = Raw, no heat treatment, PROCESS = Boiling  ⇒  Mackerel, PROCESS = Raw, no heat treatment, PROCESS = Boiling, QUALITATIVE-INFO = Fresh",0.064,0.6666666666666666,1.488095238095238
"Mackerel, PROCESS = Raw, no heat treatment, PROCESS = Boiling, QUALITATIVE-INFO = Fresh, Tomatoes, PROCESS = Raw, no heat treatment, PROCESS = Boiling  ⇒  Rice grain, polished, PROCESS = Raw, no heat treatment, PROCESS = Boiling",0.128,0.888888888888889,1.4814814814814816
"Garlic, PROCESS = Raw, no heat treatment, PROCESS = Boiling, Tomatoes, PROCESS = Raw, no heat treatment, PROCESS = Boiling  ⇒  Rice grain, polished, PROCESS = Raw, no heat treatment, PROCESS = Boiling",0.128,0.888888888888889,1.4814814814814816
"Chili peppers, PROCESS = Raw, no heat treatment, PROCESS = Boiling, QUALITATIVE-INFO = Red, Tomatoes, PROCESS = Raw, no heat treatment, PROCESS = Boiling  ⇒  Rice grain, polished, PROCESS = Raw, no heat treatment, PROCESS = Boiling",0.248,0.8857142857142857,1.4761904761904763
"Bitterleaves, PROCESS = Raw, no heat treatment, PROCESS = Boiling, GENERIC-TERM = Other  ⇒  Mackerel, PROCESS = Raw, no heat treatment, PROCESS = Boiling, QUALITATIVE-INFO = Fresh, Palm oil/fat, QUALITATIVE-INFO = Red",0.08,0.625,1.474056603773585
"Ginger roots, PROCESS = Raw, no heat treatment, PROCESS = Boiling, Tomatoes, PROCESS = Raw, no heat treatment, PROCESS = Boiling  ⇒  Rice grain, polished, PROCESS = Raw, no heat treatment, PROCESS = Boiling",0.12,0.8823529411764705,1.4705882352941175
"Leeks, PROCESS = Raw, no heat treatment, PROCESS = Boiling  ⇒  Chili peppers, PROCESS = Raw, no heat treatment, PROCESS = Boiling, QUALITATIVE-INFO = Red, Rice grain, polished, PROCESS = Raw, no heat treatment, PROCESS = Boiling",0.144,0.857142857142857,1.4677103718199607
"Ginger roots, PROCESS = Raw, no heat treatment, PROCESS = Boiling  ⇒  Salt, Peanuts, PROCESS = Roasting, PROCESS = Boiling",0.192,0.6666666666666667,1.4619883040935673
"Yams, PROCESS = Boiling  ⇒  Onions, PROCESS = Raw, no heat treatment, PROCESS = Boiling, Stock cubes or granulate (bouillon base), PROCESS = Boiling",0.08,0.6666666666666667,1.4619883040935673
"Mackerel, PROCESS = Raw, no heat treatment, PROCESS = Boiling, QUALITATIVE-INFO = Fresh, Watermelon seeds, PROCESS = Raw, no heat treatment, PROCESS = Boiling  ⇒  Rice grain, polished, PROCESS = Raw, no heat treatment, PROCESS = Boiling",0.056,0.875,1.4583333333333335
"Bitterleaves, PROCESS = Raw, no heat treatment, PROCESS = Boiling, GENERIC-TERM = Other, Onions, PROCESS = Raw, no heat treatment, PROCESS = Boiling  ⇒  Rice grain, polished, PROCESS = Raw, no heat treatment, PROCESS = Boiling",0.056,0.875,1.4583333333333335
"Peanuts, PROCESS = Roasting, PROCESS = Boiling, Kidney bean (dry seeds), PROCESS = Raw, no heat treatment, PROCESS = Boiling, QUALITATIVE-INFO = Red  ⇒  Rice grain, polished, PROCESS = Raw, no heat treatment, PROCESS = Boiling",0.056,0.875,1.4583333333333335
"Onions, PROCESS = Raw, no heat treatment, PROCESS = Boiling, Tomatoes, PROCESS = Raw, no heat treatment, PROCESS = Boiling  ⇒  Rice grain, polished, PROCESS = Raw, no heat treatment, PROCESS = Boiling",0.168,0.875,1.4583333333333335
"Peanuts, PROCESS = Roasting, PROCESS = Boiling, Tomatoes, PROCESS = Raw, no heat treatment, PROCESS = Boiling  ⇒  Mackerel, PROCESS = Raw, no heat treatment, PROCESS = Boiling, QUALITATIVE-INFO = Fresh",0.12,0.6521739130434783,1.4557453416149069
"Salt, Plantains, PROCESS = Raw, no heat treatment, PROCESS = Boiling  ⇒  Peanuts, PROCESS = Roasting, PROCESS = Boiling",0.176,0.7333333333333333,1.455026455026455
"Salt, Bitterleaves, PROCESS = Raw, no heat treatment, PROCESS = Boiling, GENERIC-TERM = Other  ⇒  Peanuts, PROCESS = Roasting, PROCESS = Boiling",0.088,0.7333333333333333,1.455026455026455
"Nightshade, black, PROCESS = Raw, no heat treatment, PROCESS = Boiling  ⇒  Mackerel, PROCESS = Raw, no heat treatment, PROCESS = Boiling, QUALITATIVE-INFO = Fresh, Palm oil/fat, QUALITATIVE-INFO = Red",0.064,0.6153846153846154,1.451378809869376
"Ginger roots, PROCESS = Raw, no heat treatment, PROCESS = Boiling, Stock cubes or granulate (bouillon base), PROCESS = Boiling  ⇒  Onions, PROCESS = Raw, no heat treatment, PROCESS = Boiling",0.168,0.7777777777777778,1.451077943615257
"Chili peppers, PROCESS = Raw, no heat treatment, PROCESS = Boiling, QUALITATIVE-INFO = Red, Ginger roots, PROCESS = Raw, no heat treatment, PROCESS = Boiling  ⇒  Peanuts, PROCESS = Roasting, PROCESS = Boiling",0.192,0.7272727272727273,1.443001443001443
"Leeks, PROCESS = Raw, no heat treatment, PROCESS = Boiling, Ginger roots, PROCESS = Raw, no heat treatment, PROCESS = Boiling  ⇒  Peanuts, PROCESS = Roasting, PROCESS = Boiling",0.064,0.7272727272727273,1.443001443001443
"Dried fish, PROCESS = Smoking, PROCESS = Boiling, Onions, PROCESS = Raw, no heat treatment, PROCESS = Boiling  ⇒  Peanuts, PROCESS = Roasting, PROCESS = Boiling",0.064,0.7272727272727273,1.443001443001443
"Garlic, PROCESS = Raw, no heat treatment, PROCESS = Boiling, Ginger roots, PROCESS = Raw, no heat treatment, PROCESS = Boiling  ⇒  Peanuts, PROCESS = Roasting, PROCESS = Boiling",0.192,0.7272727272727273,1.443001443001443
"Yams, PROCESS = Boiling, Chili peppers, PROCESS = Raw, no heat treatment, PROCESS = Boiling, QUALITATIVE-INFO = Red  ⇒  Onions, PROCESS = Raw, no heat treatment, PROCESS = Boiling",0.08,0.7692307692307693,1.4351320321469576
"Salt, Yams, PROCESS = Boiling  ⇒  Onions, PROCESS = Raw, no heat treatment, PROCESS = Boiling",0.08,0.7692307692307693,1.4351320321469576
"Chili peppers, PROCESS = Raw, no heat treatment, PROCESS = Boiling, QUALITATIVE-INFO = Red, Bitterleaves, PROCESS = Raw, no heat treatment, PROCESS = Boiling, GENERIC-TERM = Other  ⇒  Mackerel, PROCESS = Raw, no heat treatment, PROCESS = Boiling, QUALITATIVE-INFO = Fresh",0.072,0.6428571428571428,1.4349489795918366
"Tomatoes, PROCESS = Raw, no heat treatment, PROCESS = Boiling  ⇒  Chili peppers, PROCESS = Raw, no heat treatment, PROCESS = Boiling, QUALITATIVE-INFO = Red, Rice grain, polished, PROCESS = Raw, no heat treatment, PROCESS = Boiling",0.248,0.8378378378378378,1.434653831914106
"Leeks, PROCESS = Raw, no heat treatment, PROCESS = Boiling  ⇒  Chili peppers, PROCESS = Raw, no heat treatment, PROCESS = Boiling, QUALITATIVE-INFO = Red, Mackerel, PROCESS = Raw, no heat treatment, PROCESS = Boiling, QUALITATIVE-INFO = Fresh",0.104,0.619047619047619,1.4329805996472662
"Ginger roots, PROCESS = Raw, no heat treatment, PROCESS = Boiling  ⇒  Peanuts, PROCESS = Roasting, PROCESS = Boiling",0.208,0.7222222222222222,1.4329805996472662
"Garlic, PROCESS = Raw, no heat treatment, PROCESS = Boiling, Stock cubes or granulate (bouillon base), PROCESS = Boiling  ⇒  Peanuts, PROCESS = Roasting, PROCESS = Boiling",0.208,0.7222222222222222,1.4329805996472662
"Bitterleaves, PROCESS = Raw, no heat treatment, PROCESS = Boiling, GENERIC-TERM = Other  ⇒  Chili peppers, PROCESS = Raw, no heat treatment, PROCESS = Boiling, QUALITATIVE-INFO = Red, Peanuts, PROCESS = Roasting, PROCESS = Boiling",0.088,0.6875,1.4322916666666667
"Leeks, PROCESS = Raw, no heat treatment, PROCESS = Boiling  ⇒  Rice grain, polished, PROCESS = Raw, no heat treatment, PROCESS = Boiling",0.144,0.857142857142857,1.4285714285714284
"Garlic, PROCESS = Raw, no heat treatment, PROCESS = Boiling, Mackerel, PROCESS = Raw, no heat treatment, PROCESS = Boiling, QUALITATIVE-INFO = Fresh  ⇒  Peanuts, PROCESS = Roasting, PROCESS = Boiling",0.144,0.7199999999999999,1.4285714285714284
"Chili peppers, PROCESS = Raw, no heat treatment, PROCESS = Boiling, QUALITATIVE-INFO = Red, Leeks, PROCESS = Raw, no heat treatment, PROCESS = Boiling  ⇒  Rice grain, polished, PROCESS = Raw, no heat treatment, PROCESS = Boiling",0.144,0.857142857142857,1.4285714285714284
"Nightshade, black, PROCESS = Raw, no heat treatment, PROCESS = Boiling  ⇒  Chili peppers, PROCESS = Raw, no heat treatment, PROCESS = Boiling, QUALITATIVE-INFO = Red, Mackerel, PROCESS = Raw, no heat treatment, PROCESS = Boiling, QUALITATIVE-INFO = Fresh",0.064,0.6153846153846154,1.4245014245014247
"Peanuts, PROCESS = Roasting, PROCESS = Boiling, Rice grain, polished, PROCESS = Raw, no heat treatment, PROCESS = Boiling  ⇒  Mackerel, PROCESS = Raw, no heat treatment, PROCESS = Boiling, QUALITATIVE-INFO = Fresh",0.224,0.6363636363636365,1.4204545454545456
"Peanuts, PROCESS = Roasting, PROCESS = Boiling, Plantains, PROCESS = Raw, no heat treatment, PROCESS = Boiling  ⇒  Mackerel, PROCESS = Raw, no heat treatment, PROCESS = Boiling, QUALITATIVE-INFO = Fresh",0.112,0.6363636363636365,1.4204545454545456
"Chili peppers, PROCESS = Raw, no heat treatment, PROCESS = Boiling, QUALITATIVE-INFO = Red, Ginger roots, PROCESS = Raw, no heat treatment, PROCESS = Boiling  ⇒  Mackerel, PROCESS = Raw, no heat treatment, PROCESS = Boiling, QUALITATIVE-INFO = Fresh",0.168,0.6363636363636364,1.4204545454545454
"Nightshade, black, PROCESS = Raw, no heat treatment, PROCESS = Boiling  ⇒  Onions, PROCESS = Raw, no heat treatment, PROCESS = Boiling, Palm oil/fat, QUALITATIVE-INFO = Red",0.072,0.6923076923076923,1.4186633039092056
"Mackerel, PROCESS = Raw, no heat treatment, PROCESS = Boiling, QUALITATIVE-INFO = Fresh, Ginger roots, PROCESS = Raw, no heat treatment, PROCESS = Boiling  ⇒  Peanuts, PROCESS = Roasting, PROCESS = Boiling",0.12,0.7142857142857142,1.4172335600907027
"Garlic, PROCESS = Raw, no heat treatment, PROCESS = Boiling, Palm oil/fat, QUALITATIVE-INFO = Red  ⇒  Peanuts, PROCESS = Roasting, PROCESS = Boiling",0.24,0.7142857142857142,1.4172335600907027
"Garlic, PROCESS = Raw, no heat treatment, PROCESS = Boiling  ⇒  Salt, Peanuts, PROCESS = Roasting, PROCESS = Boiling",0.232,0.6444444444444445,1.4132553606237817
"Plantains, PROCESS = Raw, no heat treatment, PROCESS = Boiling  ⇒  Chili peppers, PROCESS = Raw, no heat treatment, PROCESS = Boiling, QUALITATIVE-INFO = Red, Peanuts, PROCESS = Roasting, PROCESS = Boiling",0.168,0.6774193548387097,1.4112903225806452
"Plantains, PROCESS = Raw, no heat treatment, PROCESS = Boiling  ⇒  Peanuts, PROCESS = Roasting, PROCESS = Boiling, Palm oil/fat, QUALITATIVE-INFO = Red",0.168,0.6774193548387097,1.4112903225806452
"Bitterleaves, PROCESS = Raw, no heat treatment, PROCESS = Boiling, GENERIC-TERM = Other, Stock cubes or granulate (bouillon base), PROCESS = Boiling  ⇒  Rice grain, polished, PROCESS = Raw, no heat treatment, PROCESS = Boiling",0.088,0.8461538461538461,1.4102564102564104
"Maize flour, PROCESS = Raw, no heat treatment, PROCESS = Boiling, QUALITATIVE-INFO = Yellow  ⇒  Onions, PROCESS = Raw, no heat treatment, PROCESS = Boiling, Stock cubes or granulate (bouillon base), PROCESS = Boiling",0.072,0.6428571428571428,1.4097744360902253
"Plantains, PROCESS = Raw, no heat treatment, PROCESS = Boiling  ⇒  Peanuts, PROCESS = Roasting, PROCESS = Boiling",0.176,0.7096774193548386,1.408090117767537
"Salt, Garlic, PROCESS = Raw, no heat treatment, PROCESS = Boiling  ⇒  Peanuts, PROCESS = Roasting, PROCESS = Boiling",0.232,0.7073170731707317,1.4034068912117692
"Tomatoes, PROCESS = Raw, no heat treatment, PROCESS = Boiling  ⇒  Rice grain, polished, PROCESS = Raw, no heat treatment, PROCESS = Boiling, Stock cubes or granulate (bouillon base), PROCESS = Boiling",0.216,0.7297297297297297,1.4033264033264032
"Garlic, PROCESS = Raw, no heat treatment, PROCESS = Boiling, Mackerel, PROCESS = Raw, no heat treatment, PROCESS = Boiling, QUALITATIVE-INFO = Fresh  ⇒  Rice grain, polished, PROCESS = Raw, no heat treatment, PROCESS = Boiling",0.168,0.84,1.4
"Salt, Ginger roots, PROCESS = Raw, no heat treatment, PROCESS = Boiling  ⇒  Onions, PROCESS = Raw, no heat treatment, PROCESS = Boiling",0.192,0.75,1.3992537313432836
"Peanuts, PROCESS = Roasting, PROCESS = Boiling, Garlic, PROCESS = Raw, no heat treatment, PROCESS = Boiling  ⇒  Rice grain, polished, PROCESS = Raw, no heat treatment, PROCESS = Boiling",0.208,0.8387096774193548,1.3978494623655913
"Tomatoes, PROCESS = Raw, no heat treatment, PROCESS = Boiling  ⇒  Rice grain, polished, PROCESS = Raw, no heat treatment, PROCESS = Boiling",0.248,0.8378378378378378,1.3963963963963963
"Stock cubes or granulate (bouillon base), PROCESS = Boiling, Plantains, PROCESS = Raw, no heat treatment, PROCESS = Boiling  ⇒  Peanuts, PROCESS = Roasting, PROCESS = Boiling",0.152,0.7037037037037037,1.3962375073486184
"Bitterleaves, PROCESS = Raw, no heat treatment, PROCESS = Boiling, GENERIC-TERM = Other  ⇒  Mackerel, PROCESS = Raw, no heat treatment, PROCESS = Boiling, QUALITATIVE-INFO = Fresh",0.08,0.625,1.3950892857142856
"Bitterleaves, PROCESS = Raw, no heat treatment, PROCESS = Boiling, GENERIC-TERM = Other, Palm oil/fat, QUALITATIVE-INFO = Red  ⇒  Mackerel, PROCESS = Raw, no heat treatment, PROCESS = Boiling, QUALITATIVE-INFO = Fresh",0.08,0.625,1.3950892857142856
"Plantains, PROCESS = Raw, no heat treatment, PROCESS = Boiling  ⇒  Peanuts, PROCESS = Roasting, PROCESS = Boiling, Stock cubes or granulate (bouillon base), PROCESS = Boiling",0.152,0.6129032258064516,1.3929618768328447
"Ginger roots, PROCESS = Raw, no heat treatment, PROCESS = Boiling  ⇒  Chili peppers, PROCESS = Raw, no heat treatment, PROCESS = Boiling, QUALITATIVE-INFO = Red, Peanuts, PROCESS = Roasting, PROCESS = Boiling",0.192,0.6666666666666667,1.388888888888889
"Garlic, PROCESS = Raw, no heat treatment, PROCESS = Boiling, Onions, PROCESS = Raw, no heat treatment, PROCESS = Boiling  ⇒  Peanuts, PROCESS = Roasting, PROCESS = Boiling",0.168,0.7000000000000001,1.388888888888889
"Palm oil/fat, QUALITATIVE-INFO = Red, Plantains, PROCESS = Raw, no heat treatment, PROCESS = Boiling  ⇒  Peanuts, PROCESS = Roasting, PROCESS = Boiling",0.168,0.7000000000000001,1.388888888888889
"Ginger roots, PROCESS = Raw, no heat treatment, PROCESS = Boiling  ⇒  Peanuts, PROCESS = Roasting, PROCESS = Boiling, Palm oil/fat, QUALITATIVE-INFO = Red",0.192,0.6666666666666667,1.388888888888889
"Chili peppers, PROCESS = Raw, no heat treatment, PROCESS = Boiling, QUALITATIVE-INFO = Red, Plantains, PROCESS = Raw, no heat treatment, PROCESS = Boiling  ⇒  Peanuts, PROCESS = Roasting, PROCESS = Boiling",0.168,0.7000000000000001,1.388888888888889
"Leeks, PROCESS = Raw, no heat treatment, PROCESS = Boiling, Stock cubes or granulate (bouillon base), PROCESS = Boiling  ⇒  Rice grain, polished, PROCESS = Raw, no heat treatment, PROCESS = Boiling",0.12,0.8333333333333334,1.388888888888889
"Garlic, PROCESS = Raw, no heat treatment, PROCESS = Boiling  ⇒  Peanuts, PROCESS = Roasting, PROCESS = Boiling, Palm oil/fat, QUALITATIVE-INFO = Red",0.24,0.6666666666666666,1.3888888888888888
"Mackerel, PROCESS = Raw, no heat treatment, PROCESS = Boiling, QUALITATIVE-INFO = Fresh, Bitterleaves, PROCESS = Raw, no heat treatment, PROCESS = Boiling, GENERIC-TERM = Other  ⇒  Peanuts, PROCESS = Roasting, PROCESS = Boiling",0.056,0.7,1.3888888888888888
"Taros, PROCESS = Raw, no heat treatment, PROCESS = Boiling, Tomatoes, PROCESS = Raw, no heat treatment, PROCESS = Boiling  ⇒  Peanuts, PROCESS = Roasting, PROCESS = Boiling",0.056,0.7,1.3888888888888888
"Tomatoes, PROCESS = Raw, no heat treatment, PROCESS = Boiling  ⇒  Rice grain, polished, PROCESS = Raw, no heat treatment, PROCESS = Boiling, Palm oil/fat, QUALITATIVE-INFO = Red",0.24,0.8108108108108109,1.388374676045909
"Leeks, PROCESS = Raw, no heat treatment, PROCESS = Boiling  ⇒  Rice grain, polished, PROCESS = Raw, no heat treatment, PROCESS = Boiling, Palm oil/fat, QUALITATIVE-INFO = Red",0.136,0.8095238095238095,1.3861709067188521
"Palm oil/fat, QUALITATIVE-INFO = Red, Tomatoes, PROCESS = Raw, no heat treatment, PROCESS = Boiling  ⇒  Peanuts, PROCESS = Roasting, PROCESS = Boiling",0.184,0.6969696969696969,1.3828763828763828
"Chili peppers, PROCESS = Raw, no heat treatment, PROCESS = Boiling, QUALITATIVE-INFO = Red, Leeks, PROCESS = Raw, no heat treatment, PROCESS = Boiling  ⇒  Mackerel, PROCESS = Raw, no heat treatment, PROCESS = Boiling, QUALITATIVE-INFO = Fresh",0.104,0.619047619047619,1.3818027210884352
"Leeks, PROCESS = Raw, no heat treatment, PROCESS = Boiling  ⇒  Mackerel, PROCESS = Raw, no heat treatment, PROCESS = Boiling, QUALITATIVE-INFO = Fresh",0.104,0.619047619047619,1.3818027210884352
"Salt, Tomatoes, PROCESS = Raw, no heat treatment, PROCESS = Boiling  ⇒  Rice grain, polished, PROCESS = Raw, no heat treatment, PROCESS = Boiling",0.232,0.8285714285714285,1.380952380952381
"Tomatoes, PROCESS = Raw, no heat treatment, PROCESS = Boiling  ⇒  Salt, Rice grain, polished, PROCESS = Raw, no heat treatment, PROCESS = Boiling",0.232,0.7837837837837839,1.379901027788352
"Rice grain, polished, PROCESS = Raw, no heat treatment, PROCESS = Boiling, Garlic, PROCESS = Raw, no heat treatment, PROCESS = Boiling  ⇒  Mackerel, PROCESS = Raw, no heat treatment, PROCESS = Boiling, QUALITATIVE-INFO = Fresh",0.168,0.6176470588235294,1.3786764705882353
"Ginger roots, PROCESS = Raw, no heat treatment, PROCESS = Boiling, Onions, PROCESS = Raw, no heat treatment, PROCESS = Boiling  ⇒  Peanuts, PROCESS = Roasting, PROCESS = Boiling",0.144,0.6923076923076923,1.3736263736263736
"Bitterleaves, PROCESS = Raw, no heat treatment, PROCESS = Boiling, GENERIC-TERM = Other, Stock cubes or granulate (bouillon base), PROCESS = Boiling  ⇒  Peanuts, PROCESS = Roasting, PROCESS = Boiling",0.072,0.6923076923076923,1.3736263736263736
"Nightshade, black, PROCESS = Raw, no heat treatment, PROCESS = Boiling, Stock cubes or granulate (bouillon base), PROCESS = Boiling  ⇒  Mackerel, PROCESS = Raw, no heat treatment, PROCESS = Boiling, QUALITATIVE-INFO = Fresh",0.064,0.6153846153846154,1.3736263736263736
"Nightshade, black, PROCESS = Raw, no heat treatment, PROCESS = Boiling  ⇒  Mackerel, PROCESS = Raw, no heat treatment, PROCESS = Boiling, QUALITATIVE-INFO = Fresh",0.064,0.6153846153846154,1.3736263736263736
"Nightshade, black, PROCESS = Raw, no heat treatment, PROCESS = Boiling  ⇒  Salt, Onions, PROCESS = Raw, no heat treatment, PROCESS = Boiling",0.072,0.6923076923076923,1.3736263736263736
"Nightshade, black, PROCESS = Raw, no heat treatment, PROCESS = Boiling, Palm oil/fat, QUALITATIVE-INFO = Red  ⇒  Mackerel, PROCESS = Raw, no heat treatment, PROCESS = Boiling, QUALITATIVE-INFO = Fresh",0.064,0.6153846153846154,1.3736263736263736
"Salt, Nightshade, black, PROCESS = Raw, no heat treatment, PROCESS = Boiling  ⇒  Mackerel, PROCESS = Raw, no heat treatment, PROCESS = Boiling, QUALITATIVE-INFO = Fresh",0.064,0.6153846153846154,1.3736263736263736
"Chili peppers, PROCESS = Raw, no heat treatment, PROCESS = Boiling, QUALITATIVE-INFO = Red, Nightshade, black, PROCESS = Raw, no heat treatment, PROCESS = Boiling  ⇒  Mackerel, PROCESS = Raw, no heat treatment, PROCESS = Boiling, QUALITATIVE-INFO = Fresh",0.064,0.6153846153846154,1.3736263736263736
"Leeks, PROCESS = Raw, no heat treatment, PROCESS = Boiling  ⇒  Rice grain, polished, PROCESS = Raw, no heat treatment, PROCESS = Boiling, Stock cubes or granulate (bouillon base), PROCESS = Boiling",0.12,0.7142857142857142,1.3736263736263734
"Chili peppers, PROCESS = Raw, no heat treatment, PROCESS = Boiling, QUALITATIVE-INFO = Red, Garlic, PROCESS = Raw, no heat treatment, PROCESS = Boiling  ⇒  Peanuts, PROCESS = Roasting, PROCESS = Boiling",0.232,0.6904761904761905,1.3699924414210127
"Garlic, PROCESS = Raw, no heat treatment, PROCESS = Boiling  ⇒  Peanuts, PROCESS = Roasting, PROCESS = Boiling",0.248,0.6888888888888889,1.3668430335097002
"Yams, PROCESS = Boiling  ⇒  Onions, PROCESS = Raw, no heat treatment, PROCESS = Boiling, Palm oil/fat, QUALITATIVE-INFO = Red",0.08,0.6666666666666667,1.3661202185792352
"Leeks, PROCESS = Raw, no heat treatment, PROCESS = Boiling, Palm oil/fat, QUALITATIVE-INFO = Red  ⇒  Mackerel, PROCESS = Raw, no heat treatment, PROCESS = Boiling, QUALITATIVE-INFO = Fresh",0.088,0.6111111111111112,1.3640873015873016
"Garlic, PROCESS = Raw, no heat treatment, PROCESS = Boiling, Tomatoes, PROCESS = Raw, no heat treatment, PROCESS = Boiling  ⇒  Mackerel, PROCESS = Raw, no heat treatment, PROCESS = Boiling, QUALITATIVE-INFO = Fresh",0.088,0.6111111111111112,1.3640873015873016
"Leeks, PROCESS = Raw, no heat treatment, PROCESS = Boiling, Stock cubes or granulate (bouillon base), PROCESS = Boiling  ⇒  Mackerel, PROCESS = Raw, no heat treatment, PROCESS = Boiling, QUALITATIVE-INFO = Fresh",0.088,0.6111111111111112,1.3640873015873016
"Stock cubes or granulate (bouillon base), PROCESS = Boiling, Tomatoes, PROCESS = Raw, no heat treatment, PROCESS = Boiling  ⇒  Rice grain, polished, PROCESS = Raw, no heat treatment, PROCESS = Boiling",0.216,0.8181818181818181,1.3636363636363635
"Chili peppers, PROCESS = Raw, no heat treatment, PROCESS = Boiling, QUALITATIVE-INFO = Red, Ginger roots, PROCESS = Raw, no heat treatment, PROCESS = Boiling  ⇒  Rice grain, polished, PROCESS = Raw, no heat treatment, PROCESS = Boiling",0.216,0.8181818181818181,1.3636363636363635
"Ginger roots, PROCESS = Raw, no heat treatment, PROCESS = Boiling, Plantains, PROCESS = Raw, no heat treatment, PROCESS = Boiling  ⇒  Onions, PROCESS = Raw, no heat treatment, PROCESS = Boiling",0.064,0.7272727272727273,1.3568521031207599
"Chili peppers, PROCESS = Raw, no heat treatment, PROCESS = Boiling, QUALITATIVE-INFO = Red, Ginger roots, PROCESS = Raw, no heat treatment, PROCESS = Boiling  ⇒  Onions, PROCESS = Raw, no heat treatment, PROCESS = Boiling",0.192,0.7272727272727273,1.3568521031207599
"Dried fish, PROCESS = Smoking, PROCESS = Boiling, Peanuts, PROCESS = Roasting, PROCESS = Boiling  ⇒  Onions, PROCESS = Raw, no heat treatment, PROCESS = Boiling",0.064,0.7272727272727273,1.3568521031207599
"Mackerel, PROCESS = Raw, no heat treatment, PROCESS = Boiling, QUALITATIVE-INFO = Fresh, Rice grain, polished, PROCESS = Raw, no heat treatment, PROCESS = Boiling  ⇒  Peanuts, PROCESS = Roasting, PROCESS = Boiling",0.224,0.6829268292682926,1.3550135501355012
"Ginger roots, PROCESS = Raw, no heat treatment, PROCESS = Boiling, Palm oil/fat, QUALITATIVE-INFO = Red  ⇒  Rice grain, polished, PROCESS = Raw, no heat treatment, PROCESS = Boiling",0.208,0.8125,1.3541666666666667
"Nightshade, black, PROCESS = Raw, no heat treatment, PROCESS = Boiling  ⇒  Chili peppers, PROCESS = Raw, no heat treatment, PROCESS = Boiling, QUALITATIVE-INFO = Red, Onions, PROCESS = Raw, no heat treatment, PROCESS = Boiling",0.072,0.6923076923076923,1.3521634615384615
"Ginger roots, PROCESS = Raw, no heat treatment, PROCESS = Boiling  ⇒  Onions, PROCESS = Raw, no heat treatment, PROCESS = Boiling",0.208,0.7222222222222222,1.34742951907131
"Peanuts, PROCESS = Roasting, PROCESS = Boiling, Ginger roots, PROCESS = Raw, no heat treatment, PROCESS = Boiling  ⇒  Rice grain, polished, PROCESS = Raw, no heat treatment, PROCESS = Boiling",0.168,0.8076923076923078,1.3461538461538465
"Rice grain, polished, PROCESS = Raw, no heat treatment, PROCESS = Boiling, Tomatoes, PROCESS = Raw, no heat treatment, PROCESS = Boiling  ⇒  Peanuts, PROCESS = Roasting, PROCESS = Boiling",0.168,0.6774193548387097,1.3440860215053765
"Garlic, PROCESS = Raw, no heat treatment, PROCESS = Boiling  ⇒  Chili peppers, PROCESS = Raw, no heat treatment, PROCESS = Boiling, QUALITATIVE-INFO = Red, Peanuts, PROCESS = Roasting, PROCESS = Boiling",0.232,0.6444444444444445,1.3425925925925928
"Rice grain, polished, PROCESS = Raw, no heat treatment, PROCESS = Boiling, Onions, PROCESS = Raw, no heat treatment, PROCESS = Boiling  ⇒  Mackerel, PROCESS = Raw, no heat treatment, PROCESS = Boiling, QUALITATIVE-INFO = Fresh",0.216,0.6,1.3392857142857142
"Salt, Bitterleaves, PROCESS = Raw, no heat treatment, PROCESS = Boiling, GENERIC-TERM = Other  ⇒  Mackerel, PROCESS = Raw, no heat treatment, PROCESS = Boiling, QUALITATIVE-INFO = Fresh",0.072,0.6,1.3392857142857142
"Peanuts, PROCESS = Roasting, PROCESS = Boiling, Taros, PROCESS = Raw, no heat treatment, PROCESS = Boiling  ⇒  Mackerel, PROCESS = Raw, no heat treatment, PROCESS = Boiling, QUALITATIVE-INFO = Fresh",0.072,0.6,1.3392857142857142
"Mackerel, PROCESS = Raw, no heat treatment, PROCESS = Boiling, QUALITATIVE-INFO = Fresh, Peanuts, PROCESS = Roasting, PROCESS = Boiling  ⇒  Rice grain, polished, PROCESS = Raw, no heat treatment, PROCESS = Boiling",0.224,0.7999999999999999,1.3333333333333333
"Yams, PROCESS = Boiling, Stock cubes or granulate (bouillon base), PROCESS = Boiling  ⇒  Onions, PROCESS = Raw, no heat treatment, PROCESS = Boiling",0.08,0.7142857142857143,1.3326226012793176
"Yams, PROCESS = Boiling, Palm oil/fat, QUALITATIVE-INFO = Red  ⇒  Onions, PROCESS = Raw, no heat treatment, PROCESS = Boiling",0.08,0.7142857142857143,1.3326226012793176
"Rice grain, polished, PROCESS = Raw, no heat treatment, PROCESS = Boiling, Ginger roots, PROCESS = Raw, no heat treatment, PROCESS = Boiling  ⇒  Onions, PROCESS = Raw, no heat treatment, PROCESS = Boiling",0.16,0.7142857142857143,1.3326226012793176
"Mackerel, PROCESS = Raw, no heat treatment, PROCESS = Boiling, QUALITATIVE-INFO = Fresh, Ginger roots, PROCESS = Raw, no heat treatment, PROCESS = Boiling  ⇒  Onions, PROCESS = Raw, no heat treatment, PROCESS = Boiling",0.12,0.7142857142857142,1.3326226012793174
"Kidney bean (dry seeds), PROCESS = Raw, no heat treatment, PROCESS = Boiling, QUALITATIVE-INFO = Red  ⇒  Onions, PROCESS = Raw, no heat treatment, PROCESS = Boiling, Palm oil/fat, QUALITATIVE-INFO = Red",0.088,0.6470588235294117,1.3259402121504338
"Mackerel, PROCESS = Raw, no heat treatment, PROCESS = Boiling, QUALITATIVE-INFO = Fresh, Onions, PROCESS = Raw, no heat treatment, PROCESS = Boiling  ⇒  Rice grain, polished, PROCESS = Raw, no heat treatment, PROCESS = Boiling",0.216,0.7941176470588235,1.3235294117647058
"Yams, PROCESS = Boiling  ⇒  Salt, Onions, PROCESS = Raw, no heat treatment, PROCESS = Boiling",0.08,0.6666666666666667,1.3227513227513228
"Ginger roots, PROCESS = Raw, no heat treatment, PROCESS = Boiling  ⇒  Salt, Onions, PROCESS = Raw, no heat treatment, PROCESS = Boiling",0.192,0.6666666666666667,1.3227513227513228
"Dried fish, PROCESS = Smoking, PROCESS = Boiling, Rice grain, polished, PROCESS = Raw, no heat treatment, PROCESS = Boiling  ⇒  Peanuts, PROCESS = Roasting, PROCESS = Boiling",0.064,0.6666666666666666,1.3227513227513226
"Rice grain, polished, PROCESS = Raw, no heat treatment, PROCESS = Boiling, Bitterleaves, PROCESS = Raw, no heat treatment, PROCESS = Boiling, GENERIC-TERM = Other  ⇒  Peanuts, PROCESS = Roasting, PROCESS = Boiling",0.064,0.6666666666666666,1.3227513227513226
"Bitterleaves, PROCESS = Raw, no heat treatment, PROCESS = Boiling, GENERIC-TERM = Other  ⇒  Rice grain, polished, PROCESS = Raw, no heat treatment, PROCESS = Boiling, Stock cubes or granulate (bouillon base), PROCESS = Boiling",0.088,0.6875,1.3221153846153846
"Ginger roots, PROCESS = Raw, no heat treatment, PROCESS = Boiling, Tomatoes, PROCESS = Raw, no heat treatment, PROCESS = Boiling  ⇒  Onions, PROCESS = Raw, no heat treatment, PROCESS = Boiling",0.096,0.7058823529411764,1.3169446883230902
"Garlic, PROCESS = Raw, no heat treatment, PROCESS = Boiling, Ginger roots, PROCESS = Raw, no heat treatment, PROCESS = Boiling  ⇒  Rice grain, polished, PROCESS = Raw, no heat treatment, PROCESS = Boiling",0.208,0.7878787878787878,1.3131313131313131
"Chili peppers, PROCESS = Raw, no heat treatment, PROCESS = Boiling, QUALITATIVE-INFO = Red, Bitterleaves, PROCESS = Raw, no heat treatment, PROCESS = Boiling, GENERIC-TERM = Other  ⇒  Rice grain, polished, PROCESS = Raw, no heat treatment, PROCESS = Boiling",0.088,0.7857142857142857,1.3095238095238095
"Chili peppers, PROCESS = Raw, no heat treatment, PROCESS = Boiling, QUALITATIVE-INFO = Red, Garlic, PROCESS = Raw, no heat treatment, PROCESS = Boiling  ⇒  Rice grain, polished, PROCESS = Raw, no heat treatment, PROCESS = Boiling",0.264,0.7857142857142857,1.3095238095238095
"Mackerel, PROCESS = Raw, no heat treatment, PROCESS = Boiling, QUALITATIVE-INFO = Fresh, Bitterleaves, PROCESS = Raw, no heat treatment, PROCESS = Boiling, GENERIC-TERM = Other  ⇒  Onions, PROCESS = Raw, no heat treatment, PROCESS = Boiling",0.056,0.7,1.3059701492537312
"Watermelon seeds, PROCESS = Raw, no heat treatment, PROCESS = Boiling  ⇒  Onions, PROCESS = Raw, no heat treatment, PROCESS = Boiling, Palm oil/fat, QUALITATIVE-INFO = Red",0.056,0.6363636363636365,1.3040238450074517
"Chili peppers, PROCESS = Raw, no heat treatment, PROCESS = Boiling, QUALITATIVE-INFO = Red, Tomatoes, PROCESS = Raw, no heat treatment, PROCESS = Boiling  ⇒  Peanuts, PROCESS = Roasting, PROCESS = Boiling",0.184,0.657142857142857,1.3038548752834465
"Mackerel, PROCESS = Raw, no heat treatment, PROCESS = Boiling, QUALITATIVE-INFO = Fresh  ⇒  Chili peppers, PROCESS = Raw, no heat treatment, PROCESS = Boiling, QUALITATIVE-INFO = Red, Peanuts, PROCESS = Roasting, PROCESS = Boiling",0.28,0.625,1.3020833333333335
"Yams, PROCESS = Boiling  ⇒  Chili peppers, PROCESS = Raw, no heat treatment, PROCESS = Boiling, QUALITATIVE-INFO = Red, Onions, PROCESS = Raw, no heat treatment, PROCESS = Boiling",0.08,0.6666666666666667,1.3020833333333335
"Salt, Ginger roots, PROCESS = Raw, no heat treatment, PROCESS = Boiling  ⇒  Rice grain, polished, PROCESS = Raw, no heat treatment, PROCESS = Boiling",0.2,0.78125,1.3020833333333335
"Ginger roots, PROCESS = Raw, no heat treatment, PROCESS = Boiling  ⇒  Chili peppers, PROCESS = Raw, no heat treatment, PROCESS = Boiling, QUALITATIVE-INFO = Red, Onions, PROCESS = Raw, no heat treatment, PROCESS = Boiling",0.192,0.6666666666666667,1.3020833333333335
"Garlic, PROCESS = Raw, no heat treatment, PROCESS = Boiling, Ginger roots, PROCESS = Raw, no heat treatment, PROCESS = Boiling  ⇒  Onions, PROCESS = Raw, no heat treatment, PROCESS = Boiling",0.184,0.6969696969696969,1.3003165988240613
"Plantains, PROCESS = Raw, no heat treatment, PROCESS = Boiling, Tomatoes, PROCESS = Raw, no heat treatment, PROCESS = Boiling  ⇒  Rice grain, polished, PROCESS = Raw, no heat treatment, PROCESS = Boiling",0.056,0.7777777777777779,1.2962962962962965
"Stock cubes or granulate (bouillon base), PROCESS = Boiling, Watermelon seeds, PROCESS = Raw, no heat treatment, PROCESS = Boiling  ⇒  Rice grain, polished, PROCESS = Raw, no heat treatment, PROCESS = Boiling",0.056,0.7777777777777779,1.2962962962962965
"Salt, Watermelon seeds, PROCESS = Raw, no heat treatment, PROCESS = Boiling  ⇒  Rice grain, polished, PROCESS = Raw, no heat treatment, PROCESS = Boiling",0.056,0.7777777777777779,1.2962962962962965
"Peanuts, PROCESS = Roasting, PROCESS = Boiling, Onions, PROCESS = Raw, no heat treatment, PROCESS = Boiling  ⇒  Rice grain, polished, PROCESS = Raw, no heat treatment, PROCESS = Boiling",0.224,0.7777777777777779,1.2962962962962965
"Bitterleaves, PROCESS = Raw, no heat treatment, PROCESS = Boiling, GENERIC-TERM = Other, Taros, PROCESS = Raw, no heat treatment, PROCESS = Boiling  ⇒  Rice grain, polished, PROCESS = Raw, no heat treatment, PROCESS = Boiling",0.056,0.7777777777777779,1.2962962962962965
"Ginger roots, PROCESS = Raw, no heat treatment, PROCESS = Boiling  ⇒  Rice grain, polished, PROCESS = Raw, no heat treatment, PROCESS = Boiling",0.224,0.7777777777777779,1.2962962962962965
"Ginger roots, PROCESS = Raw, no heat treatment, PROCESS = Boiling, Stock cubes or granulate (bouillon base), PROCESS = Boiling  ⇒  Rice grain, polished, PROCESS = Raw, no heat treatment, PROCESS = Boiling",0.168,0.7777777777777778,1.2962962962962963
"Garlic, PROCESS = Raw, no heat treatment, PROCESS = Boiling, Stock cubes or granulate (bouillon base), PROCESS = Boiling  ⇒  Onions, PROCESS = Raw, no heat treatment, PROCESS = Boiling",0.2,0.6944444444444445,1.2956053067993367
"Tomatoes, PROCESS = Raw, no heat treatment, PROCESS = Boiling  ⇒  Peanuts, PROCESS = Roasting, PROCESS = Boiling, Palm oil/fat, QUALITATIVE-INFO = Red",0.184,0.6216216216216216,1.295045045045045
"Tomatoes, PROCESS = Raw, no heat treatment, PROCESS = Boiling  ⇒  Chili peppers, PROCESS = Raw, no heat treatment, PROCESS = Boiling, QUALITATIVE-INFO = Red, Peanuts, PROCESS = Roasting, PROCESS = Boiling",0.184,0.6216216216216216,1.295045045045045
"Nightshade, black, PROCESS = Raw, no heat treatment, PROCESS = Boiling  ⇒  Onions, PROCESS = Raw, no heat treatment, PROCESS = Boiling",0.072,0.6923076923076923,1.2916188289322617
"Peanuts, PROCESS = Roasting, PROCESS = Boiling, Ginger roots, PROCESS = Raw, no heat treatment, PROCESS = Boiling  ⇒  Onions, PROCESS = Raw, no heat treatment, PROCESS = Boiling",0.144,0.6923076923076923,1.2916188289322617
"Nightshade, black, PROCESS = Raw, no heat treatment, PROCESS = Boiling, Stock cubes or granulate (bouillon base), PROCESS = Boiling  ⇒  Onions, PROCESS = Raw, no heat treatment, PROCESS = Boiling",0.072,0.6923076923076923,1.2916188289322617
"Nightshade, black, PROCESS = Raw, no heat treatment, PROCESS = Boiling, Palm oil/fat, QUALITATIVE-INFO = Red  ⇒  Onions, PROCESS = Raw, no heat treatment, PROCESS = Boiling",0.072,0.6923076923076923,1.2916188289322617
"Chili peppers, PROCESS = Raw, no heat treatment, PROCESS = Boiling, QUALITATIVE-INFO = Red, Nightshade, black, PROCESS = Raw, no heat treatment, PROCESS = Boiling  ⇒  Onions, PROCESS = Raw, no heat treatment, PROCESS = Boiling",0.072,0.6923076923076923,1.2916188289322617
"Salt, Nightshade, black, PROCESS = Raw, no heat treatment, PROCESS = Boiling  ⇒  Onions, PROCESS = Raw, no heat treatment, PROCESS = Boiling",0.072,0.6923076923076923,1.2916188289322617
"Leeks, PROCESS = Raw, no heat treatment, PROCESS = Boiling, Mackerel, PROCESS = Raw, no heat treatment, PROCESS = Boiling, QUALITATIVE-INFO = Fresh  ⇒  Onions, PROCESS = Raw, no heat treatment, PROCESS = Boiling",0.072,0.6923076923076923,1.2916188289322617
"Chili peppers, PROCESS = Raw, no heat treatment, PROCESS = Boiling, QUALITATIVE-INFO = Red, Mackerel, PROCESS = Raw, no heat treatment, PROCESS = Boiling, QUALITATIVE-INFO = Fresh  ⇒  Peanuts, PROCESS = Roasting, PROCESS = Boiling",0.28,0.6481481481481483,1.286008230452675
"Ginger roots, PROCESS = Raw, no heat treatment, PROCESS = Boiling  ⇒  Chili peppers, PROCESS = Raw, no heat treatment, PROCESS = Boiling, QUALITATIVE-INFO = Red, Rice grain, polished, PROCESS = Raw, no heat treatment, PROCESS = Boiling",0.216,0.75,1.284246575342466
"Bitterleaves, PROCESS = Raw, no heat treatment, PROCESS = Boiling, GENERIC-TERM = Other  ⇒  Rice grain, polished, PROCESS = Raw, no heat treatment, PROCESS = Boiling, Palm oil/fat, QUALITATIVE-INFO = Red",0.096,0.75,1.284246575342466
"Kidney bean (dry seeds), PROCESS = Raw, no heat treatment, PROCESS = Boiling, QUALITATIVE-INFO = Red  ⇒  Salt, Onions, PROCESS = Raw, no heat treatment, PROCESS = Boiling",0.088,0.6470588235294117,1.283846872082166
"Ginger roots, PROCESS = Raw, no heat treatment, PROCESS = Boiling, Palm oil/fat, QUALITATIVE-INFO = Red  ⇒  Onions, PROCESS = Raw, no heat treatment, PROCESS = Boiling",0.176,0.6875,1.2826492537313432
"Salt, Kidney bean (dry seeds), PROCESS = Raw, no heat treatment, PROCESS = Boiling, QUALITATIVE-INFO = Red  ⇒  Onions, PROCESS = Raw, no heat treatment, PROCESS = Boiling",0.088,0.6875,1.2826492537313432
"Ginger roots, PROCESS = Raw, no heat treatment, PROCESS = Boiling, Onions, PROCESS = Raw, no heat treatment, PROCESS = Boiling  ⇒  Rice grain, polished, PROCESS = Raw, no heat treatment, PROCESS = Boiling",0.16,0.7692307692307693,1.2820512820512822
"Porridge water based (ready to eat), PROCESS = Boiling, INGREDIENT = Cassava roots  ⇒  Peanuts, PROCESS = Roasting, PROCESS = Boiling, Palm oil/fat, QUALITATIVE-INFO = Red",0.064,0.6153846153846154,1.2820512820512822
"Mackerel, PROCESS = Raw, no heat treatment, PROCESS = Boiling, QUALITATIVE-INFO = Fresh, Plantains, PROCESS = Raw, no heat treatment, PROCESS = Boiling  ⇒  Rice grain, polished, PROCESS = Raw, no heat treatment, PROCESS = Boiling",0.104,0.7647058823529411,1.2745098039215685
"Salt, Garlic, PROCESS = Raw, no heat treatment, PROCESS = Boiling  ⇒  Onions, PROCESS = Raw, no heat treatment, PROCESS = Boiling",0.224,0.6829268292682926,1.2741172187841279
"Mackerel, PROCESS = Raw, no heat treatment, PROCESS = Boiling, QUALITATIVE-INFO = Fresh, Palm oil/fat, QUALITATIVE-INFO = Red  ⇒  Peanuts, PROCESS = Roasting, PROCESS = Boiling",0.272,0.6415094339622642,1.272836178496556
"Garlic, PROCESS = Raw, no heat treatment, PROCESS = Boiling, Palm oil/fat, QUALITATIVE-INFO = Red  ⇒  Rice grain, polished, PROCESS = Raw, no heat treatment, PROCESS = Boiling",0.256,0.7619047619047619,1.2698412698412698
"Mackerel, PROCESS = Raw, no heat treatment, PROCESS = Boiling, QUALITATIVE-INFO = Fresh, Garlic, PROCESS = Raw, no heat treatment, PROCESS = Boiling  ⇒  Onions, PROCESS = Raw, no heat treatment, PROCESS = Boiling",0.136,0.68,1.2686567164179106
"Salt, Mackerel, PROCESS = Raw, no heat treatment, PROCESS = Boiling, QUALITATIVE-INFO = Fresh  ⇒  Rice grain, polished, PROCESS = Raw, no heat treatment, PROCESS = Boiling",0.304,0.7599999999999999,1.2666666666666666
"Mackerel, PROCESS = Raw, no heat treatment, PROCESS = Boiling, QUALITATIVE-INFO = Fresh  ⇒  Peanuts, PROCESS = Roasting, PROCESS = Boiling, Palm oil/fat, QUALITATIVE-INFO = Red",0.272,0.6071428571428572,1.2648809523809526
"Peanuts, PROCESS = Roasting, PROCESS = Boiling, Garlic, PROCESS = Raw, no heat treatment, PROCESS = Boiling  ⇒  Onions, PROCESS = Raw, no heat treatment, PROCESS = Boiling",0.168,0.6774193548387097,1.263842079922966
"Rice grain, polished, PROCESS = Raw, no heat treatment, PROCESS = Boiling, Tomatoes, PROCESS = Raw, no heat treatment, PROCESS = Boiling  ⇒  Onions, PROCESS = Raw, no heat treatment, PROCESS = Boiling",0.168,0.6774193548387097,1.263842079922966
"Kidney bean (dry seeds), PROCESS = Raw, no heat treatment, PROCESS = Boiling, QUALITATIVE-INFO = Red  ⇒  Chili peppers, PROCESS = Raw, no heat treatment, PROCESS = Boiling, QUALITATIVE-INFO = Red, Onions, PROCESS = Raw, no heat treatment, PROCESS = Boiling",0.088,0.6470588235294117,1.2637867647058822
"Rice grain, polished, PROCESS = Raw, no heat treatment, PROCESS = Boiling, Kidney bean (dry seeds), PROCESS = Raw, no heat treatment, PROCESS = Boiling, QUALITATIVE-INFO = Red  ⇒  Peanuts, PROCESS = Roasting, PROCESS = Boiling",0.056,0.6363636363636365,1.2626262626262628
"Nightshade, black, PROCESS = Raw, no heat treatment, PROCESS = Boiling  ⇒  Salt, Stock cubes or granulate (bouillon base), PROCESS = Boiling",0.104,1.0,1.2626262626262625
"Maize grain, PROCESS = Raw, no heat treatment, PROCESS = Boiling, QUALITATIVE-INFO = Yellow  ⇒  Stock cubes or granulate (bouillon base), PROCESS = Boiling, Palm oil/fat, QUALITATIVE-INFO = Red",0.072,1.0,1.2626262626262625
"Taro leaves, PROCESS = Raw, no heat treatment, PROCESS = Boiling  ⇒  Salt, Stock cubes or granulate (bouillon base), PROCESS = Boiling",0.08,1.0,1.2626262626262625
"Taro leaves, PROCESS = Raw, no heat treatment, PROCESS = Boiling  ⇒  Stock cubes or granulate (bouillon base), PROCESS = Boiling, Palm oil/fat, QUALITATIVE-INFO = Red",0.08,1.0,1.2626262626262625
"Nightshade, black, PROCESS = Raw, no heat treatment, PROCESS = Boiling  ⇒  Stock cubes or granulate (bouillon base), PROCESS = Boiling, Palm oil/fat, QUALITATIVE-INFO = Red",0.104,1.0,1.2626262626262625
"Salt, Garlic, PROCESS = Raw, no heat treatment, PROCESS = Boiling  ⇒  Rice grain, polished, PROCESS = Raw, no heat treatment, PROCESS = Boiling",0.248,0.7560975609756098,1.2601626016260163
"Garlic, PROCESS = Raw, no heat treatment, PROCESS = Boiling  ⇒  Rice grain, polished, PROCESS = Raw, no heat treatment, PROCESS = Boiling",0.272,0.7555555555555556,1.2592592592592595
"Garlic, PROCESS = Raw, no heat treatment, PROCESS = Boiling  ⇒  Chili peppers, PROCESS = Raw, no heat treatment, PROCESS = Boiling, QUALITATIVE-INFO = Red, Rice grain, polished, PROCESS = Raw, no heat treatment, PROCESS = Boiling",0.264,0.7333333333333334,1.2557077625570778
"Maize flour, PROCESS = Raw, no heat treatment, PROCESS = Boiling, QUALITATIVE-INFO = Yellow  ⇒  Chili peppers, PROCESS = Raw, no heat treatment, PROCESS = Boiling, QUALITATIVE-INFO = Red, Onions, PROCESS = Raw, no heat treatment, PROCESS = Boiling",0.072,0.6428571428571428,1.255580357142857
"Ginger roots, PROCESS = Raw, no heat treatment, PROCESS = Boiling  ⇒  Onions, PROCESS = Raw, no heat treatment, PROCESS = Boiling, Palm oil/fat, QUALITATIVE-INFO = Red",0.176,0.6111111111111112,1.2522768670309654
"Bitterleaves, PROCESS = Raw, no heat treatment, PROCESS = Boiling, GENERIC-TERM = Other, Palm oil/fat, QUALITATIVE-INFO = Red  ⇒  Rice grain, polished, PROCESS = Raw, no heat treatment, PROCESS = Boiling",0.096,0.75,1.25
"Bitterleaves, PROCESS = Raw, no heat treatment, PROCESS = Boiling, GENERIC-TERM = Other  ⇒  Rice grain, polished, PROCESS = Raw, no heat treatment, PROCESS = Boiling",0.096,0.75,1.25
"Garlic, PROCESS = Raw, no heat treatment, PROCESS = Boiling, Stock cubes or granulate (bouillon base), PROCESS = Boiling  ⇒  Rice grain, polished, PROCESS = Raw, no heat treatment, PROCESS = Boiling",0.216,0.75,1.25
"Watermelon seeds, PROCESS = Raw, no heat treatment, PROCESS = Boiling  ⇒  Rice grain, polished, PROCESS = Raw, no heat treatment, PROCESS = Boiling, Palm oil/fat, QUALITATIVE-INFO = Red",0.064,0.7272727272727273,1.2453300124533002
"Watermelon seeds, PROCESS = Raw, no heat treatment, PROCESS = Boiling  ⇒  Chili peppers, PROCESS = Raw, no heat treatment, PROCESS = Boiling, QUALITATIVE-INFO = Red, Rice grain, polished, PROCESS = Raw, no heat treatment, PROCESS = Boiling",0.064,0.7272727272727273,1.2453300124533002
"Stock cubes or granulate (bouillon base), PROCESS = Boiling, Kidney bean (dry seeds), PROCESS = Raw, no heat treatment, PROCESS = Boiling, QUALITATIVE-INFO = Red  ⇒  Onions, PROCESS = Raw, no heat treatment, PROCESS = Boiling",0.08,0.6666666666666667,1.2437810945273633
"Mackerel, PROCESS = Raw, no heat treatment, PROCESS = Boiling, QUALITATIVE-INFO = Fresh, Tomatoes, PROCESS = Raw, no heat treatment, PROCESS = Boiling  ⇒  Onions, PROCESS = Raw, no heat treatment, PROCESS = Boiling",0.096,0.6666666666666667,1.2437810945273633
"Yams, PROCESS = Boiling  ⇒  Onions, PROCESS = Raw, no heat treatment, PROCESS = Boiling",0.08,0.6666666666666667,1.2437810945273633
"Garlic, PROCESS = Raw, no heat treatment, PROCESS = Boiling  ⇒  Onions, PROCESS = Raw, no heat treatment, PROCESS = Boiling",0.24,0.6666666666666666,1.243781094527363
"Chili peppers, PROCESS = Raw, no heat treatment, PROCESS = Boiling, QUALITATIVE-INFO = Red, Garlic, PROCESS = Raw, no heat treatment, PROCESS = Boiling  ⇒  Onions, PROCESS = Raw, no heat treatment, PROCESS = Boiling",0.224,0.6666666666666666,1.243781094527363
"Watermelon seeds, PROCESS = Raw, no heat treatment, PROCESS = Boiling  ⇒  Chili peppers, PROCESS = Raw, no heat treatment, PROCESS = Boiling, QUALITATIVE-INFO = Red, Onions, PROCESS = Raw, no heat treatment, PROCESS = Boiling",0.056,0.6363636363636365,1.2428977272727275
"Mackerel, PROCESS = Raw, no heat treatment, PROCESS = Boiling, QUALITATIVE-INFO = Fresh, Stock cubes or granulate (bouillon base), PROCESS = Boiling  ⇒  Peanuts, PROCESS = Roasting, PROCESS = Boiling",0.24,0.625,1.2400793650793651
"Mackerel, PROCESS = Raw, no heat treatment, PROCESS = Boiling, QUALITATIVE-INFO = Fresh  ⇒  Peanuts, PROCESS = Roasting, PROCESS = Boiling",0.28,0.625,1.2400793650793651
"Taro leaves, PROCESS = Raw, no heat treatment, PROCESS = Boiling  ⇒  Chili peppers, PROCESS = Raw, no heat treatment, PROCESS = Boiling, QUALITATIVE-INFO = Red, Stock cubes or granulate (bouillon base), PROCESS = Boiling",0.08,1.0,1.2376237623762376
"Maize grain, PROCESS = Raw, no heat treatment, PROCESS = Boiling, QUALITATIVE-INFO = Yellow  ⇒  Chili peppers, PROCESS = Raw, no heat treatment, PROCESS = Boiling, QUALITATIVE-INFO = Red, Stock cubes or granulate (bouillon base), PROCESS = Boiling",0.072,1.0,1.2376237623762376
"Nightshade, black, PROCESS = Raw, no heat treatment, PROCESS = Boiling  ⇒  Chili peppers, PROCESS = Raw, no heat treatment, PROCESS = Boiling, QUALITATIVE-INFO = Red, Stock cubes or granulate (bouillon base), PROCESS = Boiling",0.104,1.0,1.2376237623762376
"Ginger roots, PROCESS = Raw, no heat treatment, PROCESS = Boiling  ⇒  Rice grain, polished, PROCESS = Raw, no heat treatment, PROCESS = Boiling, Palm oil/fat, QUALITATIVE-INFO = Red",0.208,0.7222222222222222,1.2366818873668188
"Chili peppers, PROCESS = Raw, no heat treatment, PROCESS = Boiling, QUALITATIVE-INFO = Red, Mackerel, PROCESS = Raw, no heat treatment, PROCESS = Boiling, QUALITATIVE-INFO = Fresh  ⇒  Rice grain, polished, PROCESS = Raw, no heat treatment, PROCESS = Boiling",0.32,0.7407407407407408,1.234567901234568
"Rice grain, polished, PROCESS = Raw, no heat treatment, PROCESS = Boiling, Onions, PROCESS = Raw, no heat treatment, PROCESS = Boiling  ⇒  Peanuts, PROCESS = Roasting, PROCESS = Boiling",0.224,0.6222222222222222,1.2345679012345678
"Garlic, PROCESS = Raw, no heat treatment, PROCESS = Boiling  ⇒  Salt, Onions, PROCESS = Raw, no heat treatment, PROCESS = Boiling",0.224,0.6222222222222222,1.2345679012345678
"Tomatoes, PROCESS = Raw, no heat treatment, PROCESS = Boiling  ⇒  Salt, Onions, PROCESS = Raw, no heat treatment, PROCESS = Boiling",0.184,0.6216216216216216,1.2333762333762333
"Tomatoes, PROCESS = Raw, no heat treatment, PROCESS = Boiling  ⇒  Peanuts, PROCESS = Roasting, PROCESS = Boiling",0.184,0.6216216216216216,1.2333762333762333
"Salt, Mackerel, PROCESS = Raw, no heat treatment, PROCESS = Boiling, QUALITATIVE-INFO = Fresh  ⇒  Peanuts, PROCESS = Roasting, PROCESS = Boiling",0.248,0.62,1.2301587301587302
"Garlic, PROCESS = Raw, no heat treatment, PROCESS = Boiling  ⇒  Onions, PROCESS = Raw, no heat treatment, PROCESS = Boiling, Palm oil/fat, QUALITATIVE-INFO = Red",0.216,0.6,1.2295081967213115
"Rice grain, polished, PROCESS = Raw, no heat treatment, PROCESS = Boiling, Mackerel, PROCESS = Raw, no heat treatment, PROCESS = Boiling, QUALITATIVE-INFO = Fresh  ⇒  Onions, PROCESS = Raw, no heat treatment, PROCESS = Boiling",0.216,0.6585365853658536,1.2286130323989806
"Mackerel, PROCESS = Raw, no heat treatment, PROCESS = Boiling, QUALITATIVE-INFO = Fresh, Palm oil/fat, QUALITATIVE-INFO = Red  ⇒  Rice grain, polished, PROCESS = Raw, no heat treatment, PROCESS = Boiling",0.312,0.7358490566037736,1.2264150943396228
"Salt, Tomatoes, PROCESS = Raw, no heat treatment, PROCESS = Boiling  ⇒  Onions, PROCESS = Raw, no heat treatment, PROCESS = Boiling",0.184,0.657142857142857,1.226012793176972
"Chili peppers, PROCESS = Raw, no heat treatment, PROCESS = Boiling, QUALITATIVE-INFO = Red, Tomatoes, PROCESS = Raw, no heat treatment, PROCESS = Boiling  ⇒  Onions, PROCESS = Raw, no heat treatment, PROCESS = Boiling",0.184,0.657142857142857,1.226012793176972
"Watermelon seeds, PROCESS = Raw, no heat treatment, PROCESS = Boiling  ⇒  Rice grain, polished, PROCESS = Raw, no heat treatment, PROCESS = Boiling, Stock cubes or granulate (bouillon base), PROCESS = Boiling",0.056,0.6363636363636365,1.223776223776224
"Mackerel, PROCESS = Raw, no heat treatment, PROCESS = Boiling, QUALITATIVE-INFO = Fresh  ⇒  Chili peppers, PROCESS = Raw, no heat treatment, PROCESS = Boiling, QUALITATIVE-INFO = Red, Rice grain, polished, PROCESS = Raw, no heat treatment, PROCESS = Boiling",0.32,0.7142857142857143,1.2230919765166341
"Ginger roots, PROCESS = Raw, no heat treatment, PROCESS = Boiling  ⇒  Salt, Rice grain, polished, PROCESS = Raw, no heat treatment, PROCESS = Boiling",0.2,0.6944444444444445,1.2226134585289516
"Chili peppers, PROCESS = Raw, no heat treatment, PROCESS = Boiling, QUALITATIVE-INFO = Red, Peanuts, PROCESS = Roasting, PROCESS = Boiling  ⇒  Rice grain, polished, PROCESS = Raw, no heat treatment, PROCESS = Boiling",0.352,0.7333333333333333,1.222222222222222
"Salt, Bitterleaves, PROCESS = Raw, no heat treatment, PROCESS = Boiling, GENERIC-TERM = Other  ⇒  Rice grain, polished, PROCESS = Raw, no heat treatment, PROCESS = Boiling",0.088,0.7333333333333333,1.222222222222222
"Garlic, PROCESS = Raw, no heat treatment, PROCESS = Boiling, Onions, PROCESS = Raw, no heat treatment, PROCESS = Boiling  ⇒  Rice grain, polished, PROCESS = Raw, no heat treatment, PROCESS = Boiling",0.176,0.7333333333333333,1.222222222222222
"Porridge water based (ready to eat), PROCESS = Boiling, INGREDIENT = Cassava roots  ⇒  Peanuts, PROCESS = Roasting, PROCESS = Boiling",0.064,0.6153846153846154,1.221001221001221
"Leeks, PROCESS = Raw, no heat treatment, PROCESS = Boiling, Mackerel, PROCESS = Raw, no heat treatment, PROCESS = Boiling, QUALITATIVE-INFO = Fresh  ⇒  Peanuts, PROCESS = Roasting, PROCESS = Boiling",0.064,0.6153846153846154,1.221001221001221
"Porridge water based (ready to eat), PROCESS = Boiling, INGREDIENT = Cassava roots, Palm oil/fat, QUALITATIVE-INFO = Red  ⇒  Peanuts, PROCESS = Roasting, PROCESS = Boiling",0.064,0.6153846153846154,1.221001221001221
"Mackerel, PROCESS = Raw, no heat treatment, PROCESS = Boiling, QUALITATIVE-INFO = Fresh  ⇒  Rice grain, polished, PROCESS = Raw, no heat treatment, PROCESS = Boiling",0.328,0.7321428571428572,1.2202380952380953
"Garlic, PROCESS = Raw, no heat treatment, PROCESS = Boiling  ⇒  Rice grain, polished, PROCESS = Raw, no heat treatment, PROCESS = Boiling, Palm oil/fat, QUALITATIVE-INFO = Red",0.256,0.7111111111111111,1.2176560121765603
"Mackerel, PROCESS = Raw, no heat treatment, PROCESS = Boiling, QUALITATIVE-INFO = Fresh, Stock cubes or granulate (bouillon base), PROCESS = Boiling  ⇒  Rice grain, polished, PROCESS = Raw, no heat treatment, PROCESS = Boiling",0.28,0.7291666666666667,1.215277777777778
"Garlic, PROCESS = Raw, no heat treatment, PROCESS = Boiling  ⇒  Chili peppers, PROCESS = Raw, no heat treatment, PROCESS = Boiling, QUALITATIVE-INFO = Red, Onions, PROCESS = Raw, no heat treatment, PROCESS = Boiling",0.224,0.6222222222222222,1.2152777777777777
"Tomatoes, PROCESS = Raw, no heat treatment, PROCESS = Boiling  ⇒  Chili peppers, PROCESS = Raw, no heat treatment, PROCESS = Boiling, QUALITATIVE-INFO = Red, Onions, PROCESS = Raw, no heat treatment, PROCESS = Boiling",0.184,0.6216216216216216,1.2141047297297296
"Garlic, PROCESS = Raw, no heat treatment, PROCESS = Boiling  ⇒  Salt, Rice grain, polished, PROCESS = Raw, no heat treatment, PROCESS = Boiling",0.248,0.6888888888888889,1.21283255086072
"Leeks, PROCESS = Raw, no heat treatment, PROCESS = Boiling, Rice grain, polished, PROCESS = Raw, no heat treatment, PROCESS = Boiling  ⇒  Peanuts, PROCESS = Roasting, PROCESS = Boiling",0.088,0.6111111111111112,1.2125220458553794
"Leeks, PROCESS = Raw, no heat treatment, PROCESS = Boiling, Palm oil/fat, QUALITATIVE-INFO = Red  ⇒  Peanuts, PROCESS = Roasting, PROCESS = Boiling",0.088,0.6111111111111112,1.2125220458553794
"Dried fish, PROCESS = Smoking, PROCESS = Boiling, Peanuts, PROCESS = Roasting, PROCESS = Boiling  ⇒  Rice grain, polished, PROCESS = Raw, no heat treatment, PROCESS = Boiling",0.064,0.7272727272727273,1.2121212121212122
"Chili peppers, PROCESS = Raw, no heat treatment, PROCESS = Boiling, QUALITATIVE-INFO = Red, Watermelon seeds, PROCESS = Raw, no heat treatment, PROCESS = Boiling  ⇒  Rice grain, polished, PROCESS = Raw, no heat treatment, PROCESS = Boiling",0.064,0.7272727272727273,1.2121212121212122
"Watermelon seeds, PROCESS = Raw, no heat treatment, PROCESS = Boiling, Palm oil/fat, QUALITATIVE-INFO = Red  ⇒  Rice grain, polished, PROCESS = Raw, no heat treatment, PROCESS = Boiling",0.064,0.7272727272727273,1.2121212121212122
"Watermelon seeds, PROCESS = Raw, no heat treatment, PROCESS = Boiling  ⇒  Rice grain, polished, PROCESS = Raw, no heat treatment, PROCESS = Boiling",0.064,0.7272727272727273,1.2121212121212122
"Bitterleaves, PROCESS = Raw, no heat treatment, PROCESS = Boiling, GENERIC-TERM = Other  ⇒  Salt, Rice grain, polished, PROCESS = Raw, no heat treatment, PROCESS = Boiling",0.088,0.6875,1.210387323943662
"Tomatoes, PROCESS = Raw, no heat treatment, PROCESS = Boiling  ⇒  Onions, PROCESS = Raw, no heat treatment, PROCESS = Boiling",0.192,0.6486486486486487,1.210165389269867
"Rice grain, polished, PROCESS = Raw, no heat treatment, PROCESS = Boiling, Garlic, PROCESS = Raw, no heat treatment, PROCESS = Boiling  ⇒  Onions, PROCESS = Raw, no heat treatment, PROCESS = Boiling",0.176,0.6470588235294117,1.2071992976294994
"Kidney bean (dry seeds), PROCESS = Raw, no heat treatment, PROCESS = Boiling, QUALITATIVE-INFO = Red, Palm oil/fat, QUALITATIVE-INFO = Red  ⇒  Onions, PROCESS = Raw, no heat treatment, PROCESS = Boiling",0.088,0.6470588235294117,1.2071992976294994
"Chili peppers, PROCESS = Raw, no heat treatment, PROCESS = Boiling, QUALITATIVE-INFO = Red, Kidney bean (dry seeds), PROCESS = Raw, no heat treatment, PROCESS = Boiling, QUALITATIVE-INFO = Red  ⇒  Onions, PROCESS = Raw, no heat treatment, PROCESS = Boiling",0.088,0.6470588235294117,1.2071992976294994
"Kidney bean (dry seeds), PROCESS = Raw, no heat treatment, PROCESS = Boiling, QUALITATIVE-INFO = Red  ⇒  Onions, PROCESS = Raw, no heat treatment, PROCESS = Boiling",0.088,0.6470588235294117,1.2071992976294994
"Stock cubes or granulate (bouillon base), PROCESS = Boiling, Tomatoes, PROCESS = Raw, no heat treatment, PROCESS = Boiling  ⇒  Peanuts, PROCESS = Roasting, PROCESS = Boiling",0.16,0.6060606060606061,1.2025012025012025
"Dried fish, PROCESS = Smoking, PROCESS = Boiling  ⇒  Salt, Chili peppers, PROCESS = Raw, no heat treatment, PROCESS = Boiling, QUALITATIVE-INFO = Red",0.152,1.0,1.2019230769230769
"Mackerel, PROCESS = Raw, no heat treatment, PROCESS = Boiling, QUALITATIVE-INFO = Fresh  ⇒  Rice grain, polished, PROCESS = Raw, no heat treatment, PROCESS = Boiling, Stock cubes or granulate (bouillon base), PROCESS = Boiling",0.28,0.625,1.2019230769230769
"Nightshade, black, PROCESS = Raw, no heat treatment, PROCESS = Boiling  ⇒  Salt, Chili peppers, PROCESS = Raw, no heat treatment, PROCESS = Boiling, QUALITATIVE-INFO = Red",0.104,1.0,1.2019230769230769
"Taro leaves, PROCESS = Raw, no heat treatment, PROCESS = Boiling  ⇒  Salt, Chili peppers, PROCESS = Raw, no heat treatment, PROCESS = Boiling, QUALITATIVE-INFO = Red",0.08,1.0,1.2019230769230769
